,name,fork project,commits,branches,default branch,releases,contributors,license,watchers,stargazers,forks,size,created,pushed,updated,homepage,main language,total issues,open issues,total pull requests,open pull requests,last commit,last commit SHA,has wiki,is archived,languages,labels
1288,nccgroup/scoutsuite,False,5496,33,master,28,50,GNU General Public License v2.0,93,2849,420,10491,2018-10-30 11:46:54.0,2021-03-27 19:22:13.0,2021-03-28 02:24:00.0,,Python,644,179,538,7,2021-02-17 08:31:00.0,db827e3d8e36e3bc7adcb8c62f2453960353c2ef,True,False,"Python,HTML,JavaScript,CSS,Shell,Dockerfile","API unsupported,UX,WIP,blocked,bug,bugfix,cleanup,component-UI,component-core,component-findings,component-provider-alibaba,component-provider-aws,component-provider-azure,component-provider-gcp,component-provider-oci,component-provider-openstack,component-provider-salesforce,duplicate,enhancement,good first issue,hotfix,invalid,polymtl,potential,proprietary,providers-refactoring,question,refactoring,release,wontfix"
1048,lavaio/lava,False,20263,11,master,12,6,MIT License,10,24,11,44178,2019-06-03 02:20:58.0,2020-10-10 07:43:23.0,2020-11-07 01:16:50.0,https://www.lavatech.org/,C++,16,5,53,3,2020-08-26 05:54:59.0,a093be68e5b75e340ed257b5ce5cef97f7fb5207,True,False,,
1712,restcomm/sip-servlets,False,5408,42,master,258,18,GNU Affero General Public License v3.0,69,202,167,69505,2012-08-17 14:07:17.0,2020-10-13 06:39:35.0,2020-12-08 07:56:13.0,http://www.restcomm.com/,Java,323,155,73,30,2018-10-31 13:16:11.0,fd7011d2803ab1d205b140768a760c8c69e0c997,True,False,,
387,corretto/corretto-11,False,54396,18,develop,17,117,Other,39,483,75,358600,2019-02-11 20:13:52.0,2021-03-27 07:04:01.0,2021-03-27 14:57:42.0,,Java,85,16,97,2,2021-03-17 07:03:44.0,c32c314411e081dcd1c5d6cdcd627e17de8d780f,False,False,"Java,C++,C,JavaScript,Roff,HTML,Objective-C,XSLT,Shell,M4,Python,Hack,Assembly,Makefile,DTrace,Awk,CSS,GDB,Perl,Batchfile,sed,Dockerfile,Red,SourcePawn","OpenJDK,bug,dependencies,documentation,duplicate,enhancement,good first issue,help wanted,invalid,linux,macos,pending release,question,windows,wontfix"
1018,kiwix/kiwix-android,False,5894,12,develop,23,96,GNU General Public License v3.0,29,391,360,325050,2017-01-18 19:48:46.0,2021-03-26 18:20:16.0,2021-03-26 06:13:22.0,https://android.kiwix.org,Kotlin,1403,133,1207,6,2021-03-26 06:13:18.0,73b2c25f7a9305a60db7f2b158f53640b28b03e5,True,False,"Kotlin,Java,Python,HTML,Shell,JavaScript","Android Vitals,GCI,Hotspot,OPDS,UI,Zim API,blocked,bug,build tools,challenge,code cleanup,custom apps,documentation,duplicate,enhancement,good first issue,hacktoberfest,help wanted,i18n,invalid,kiwix-lib,needs discussion,question,release,search,stale,testing,wontfix"
437,dbeaver/dbeaver,False,19085,50,devel,124,157,Apache License 2.0,474,19730,1830,277355,2015-10-21 08:26:28.0,2021-03-29 19:50:04.0,2021-03-30 00:22:18.0,https://dbeaver.io,Java,10046,1363,1510,8,2021-03-29 16:46:34.0,04f3251c982280176abdcb5af94bd60a4c3254ab,True,False,"Java,JavaScript,C++,CSS,XSLT,HTML,Batchfile,Shell","AS,blocked,bug,can't reproduce,dependencies,development,duplicate,ee,enhancement,environment,feature request,good first issue,help wanted,inreview,new driver,other,planned,question,sp:1,sp:2,sp:3,sp:5,sp:8,third party issue,wait for response,wait for review,wiki,won't fix,x:athena,x:aws,x:bigquery,x:bigtable,x:cassandra,x:clickhouse,x:cockroachdb,x:couchdb,x:db2,x:derby,x:dynamodb,x:exasol,x:firebird,x:gcp,x:generic,x:greenplum,x:h2,x:hana,x:hive,x:impala,x:informix,x:maria,x:mongo,x:mssql,x:mysql,x:netezza,x:odbc,x:oracle,x:postgresql,x:presto,x:redis,x:redshift,x:snowflake,x:sqlite,x:sybase,x:teradata,x:trino,x:vertica,xf:dark theme,xf:data,xf:data compare,xf:datatransfer,xf:debug,xf:erd,xf:gis,xf:i18n,xf:installer,xf:mock data,xf:navigator,xf:schema compare,xf:snap,xf:sql,xo:eclipse,xo:linux,xo:macos,xo:windows,xp:major,xp:minor"
564,ember-cli/ember-cli,False,10699,23,master,223,361,MIT License,179,3325,1147,22062,2013-11-03 17:34:43.0,2021-03-30 04:07:58.0,2021-03-29 19:09:17.0,http://ember-cli.com/,JavaScript,4006,206,5490,40,2021-03-29 19:09:13.0,6023cab4b3a7cd4ff3b4c7ed1d7a3fa552ab188a,True,False,"JavaScript,HTML,PowerShell,Handlebars,Dockerfile","breaking,bug,dependencies,documentation,duplicate,enhancement,github_actions,good first issue,internal,invalid,meta,needs reproduction,needs tests,question,security,wontfix"
1035,ksp-ro/realismoverhaul,False,8421,4,master,89,143,,74,250,226,53515,2014-01-05 23:02:02.0,2021-03-29 01:00:34.0,2021-03-28 21:34:09.0,,C#,411,38,2014,11,2021-03-28 21:34:05.0,3232bd56f4d068cbdee3d248bfa38aa4043ed223,True,False,"C#,Python,Perl,Makefile,HTML","Completed 1 Review Pass,Conflicts - Untested,Discussion Needed,Good to merge but conflicts,Help Wanted - C# Coding,Help Wanted - General,Help Wanted - MM Configs,Help Wanted - Test A Mod,Hold For Release,In Progress,KSP 1.2,Ready To Close?,Ready to Merge?,User Question/Support Request,bug,duplicate,enhancement,invalid,question"
144,astropy/halotools,False,5220,1,master,8,33,,14,61,52,12360,2015-01-09 21:43:58.0,2020-12-14 20:27:01.0,2020-12-14 20:27:03.0,http://halotools.rtfd.org,Python,399,49,608,2,2020-12-14 20:27:00.0,e07cd016b31480d279d5225c70570ca2c63746b0,True,False,,
1328,nightscoutfoundation/xdrip,False,5367,31,master,512,55,GNU General Public License v3.0,141,740,762,30385,2016-09-23 13:33:17.0,2021-03-28 10:36:19.0,2021-03-28 13:30:26.0,https://jamorham.github.io/#xdrip-plus,Java,1285,241,400,58,2021-03-28 09:52:57.0,575a0a910de12e00bbb9dd371527b8a2af2656c2,True,False,"Java,Python,Shell","algorithmics,android-auto,android10+,android11+,bluetooth,breaking,bug,calibration,carbs,code,collector,database,device-bluejay,device-bubble,device-dexcom,device-dexcom-reset,device-dexcom-transmitter,device-eversense,device-glucometer,device-guardian,device-inpen,device-libre,device-miaomiao,device-miband,device-omnipod,device-pendiq,device-pump,device-tandem,device-ticwatch,device-watch,device-wear,duplicate,enhancement,good first issue,help,insulin,insulin-basal,invalid,logging,next-build,question,security,settings,speaking,status-dev_support,status-docs_review,status-postponed,status-waiting,sync,sync-dexcom,sync-local,sync-nightscout,sync-tidepool,testing,translation,type-discussion,type-documentation,ui,ux-alarm,ux-notification,widget,wontfix"
199,betaflight/betaflight-configurator,False,5533,7,master,45,147,GNU General Public License v3.0,120,1127,542,51702,2016-06-08 22:32:34.0,2021-03-29 10:09:14.0,2021-03-29 10:09:18.0,,JavaScript,899,69,1532,9,2021-03-29 10:09:14.0,d118188727cc755d790f29a73ea7c450c9f82f49,False,False,"JavaScript,HTML,CSS,Inno Setup,Ruby,Vue","Already fixed,Android,Blocking,Bugfix,Changes requested,Cleanup,Configuration Issue,Configuration problem,Does not reproduce,Don't merge,Feature Request,Feedback Required,For Discussion,Future Enhancement,Hacktoberfest,Hotfix,Housekeeping,In Development,Inactive,MSP Change Required,Missing Information,Needs coordination with betaflight,Needs entry in release notes,Non Blocking,Pinned,RN: Bugfix,RN: Feature,RN: Font update,RN: Improvement,RN: New Language,RN: New UI Element,RN: Refactoring,Ready to Merge,Rebase Required,Review Needed,Reviewing,Tested,Testing Required,Translation,Translation change - wrong approach,UI styling required,User Error,Work in Progress,applied to branch,bug,build system improvement,dependencies,documentation update,duplicate,enhancement,feature,fixes broken build,hacktoberfest-accepted,hardware issue,help wanted,incomplete,invalid,question,rebase / squash required,security fix,skip next release,tests,usability fail,wontfix"
1865,spotbugs/spotbugs,False,16458,44,master,43,108,GNU Lesser General Public License v2.1,76,2256,363,161380,2016-11-04 22:18:08.0,2021-03-29 03:37:55.0,2021-03-29 03:18:39.0,https://spotbugs.github.io/,Java,677,315,787,17,2021-03-29 00:36:25.0,f1ee08d5c74cf5fa9a53aae0f5f05dea8e8cd52a,True,False,"Java,HTML,XSLT,TeX,Shell,Batchfile,Perl,Makefile,CSS","3rd party bug,GUI,Java-10,Java-11,Java-12,Java-14,Java-15,Java-8,Java-9,WIP,bug,build,dependencies,documentation,duplicate,eclipse_plugin,enhancement,false positive,good first issue,help wanted,invalid,need info,question,regression,sarif,wontfix"
134,arvidn/libtorrent,False,12927,80,RC_2_0,44,93,Other,161,3118,688,100024,2015-06-03 05:22:03.0,2021-03-29 05:48:58.0,2021-03-28 21:37:10.0,http://libtorrent.org,C++,1527,99,4143,9,2021-03-28 21:37:08.0,af7a96c1df47fcc8fbe0d791c223b0ab8a7d2125,True,False,"C++,Python,C,CMake,Makefile,Shell","bug,documentation,duplicate,enhancement,help wanted,in progress,invalid,pinned,question,ready-to-merge,stale,wontfix"
1783,scipp/scipp,False,10272,81,main,10,17,GNU General Public License v3.0,13,28,8,18927,2018-09-06 07:01:10.0,2021-03-29 18:02:05.0,2021-03-29 12:55:51.0,https://scipp.github.io/,C++,660,96,1143,11,2021-03-29 12:55:48.0,805f8e514a02f39f21176347fd771765a34be8e8,True,False,"C++,Python,CMake,CSS,Shell,C,HTML,Batchfile,Dockerfile","CI,LoKI,bug,discussion,docs,enhancement,good first issue,neutron,optimisation,priority:low,python,question,tests,visualization,wontfix"
1357,nunit/nunit,False,5803,15,master,34,165,MIT License,126,2007,646,37082,2013-10-18 23:43:29.0,2021-03-19 03:25:15.0,2021-03-19 03:25:22.0,https://nunit.org/,C#,2398,347,1364,12,2021-03-19 03:25:14.0,af52b9a3b93edb5e54442ed6121b718532202a8f,True,False,"C#,PowerShell,Shell,F#,Visual Basic .NET,Batchfile","Epic,awaiting:contributor,awaiting:discussion,awaiting:review,awaiting:team,blocked,closed:answered,closed:done,closed:duplicate,closed:norepro,closed:notabug,closed:wontfix,confirm,design,good first issue,hacktoberfest,hacktoberfest-accepted,hardfix,help wanted,is:bug,is:build,is:docs,is:enhancement,is:feature,is:idea,is:question,is:refactor,pri:critical,pri:high,pri:low,pri:normal,requires:docs,requires:releasenotes,review"
1319,nfs-ganesha/nfs-ganesha,False,12832,14,next,12,114,,95,905,367,110030,2012-11-02 17:25:24.0,2021-03-19 23:33:00.0,2021-03-19 23:33:02.0,,C,593,51,104,3,2021-03-19 22:55:45.0,21f0535bfd2e55c341e5dfa3497f14f58fa1359d,True,False,"C,CMake,Perl,Python,RPC,Shell,Lex,Yacc,C++,Roff,Emacs Lisp,Awk","Analyzing - bug user or config issue?,Documentation Needed,FreeBSD,Needs-Verification,Patch Submission via Issue,Try-on-supported-version,bug,duplicate,enhancement,invalid,question,should_be_backported,wontfix"
1171,megaglest/megaglest-source,False,5782,10,develop,27,23,,39,261,72,47629,2013-11-25 21:10:13.0,2021-03-27 19:54:15.0,2021-03-27 19:54:18.0,http://megaglest.org/,C++,115,24,90,4,2021-03-27 19:51:28.0,8cdca11c4f8dfeb332743e3f4099845552216ea2,True,False,"C++,C,Roff,Python,Shell,CMake,Objective-C,HTML,Perl,Batchfile,CSS,Makefile,NSIS,Lua,Objective-C++,VBScript,M4,Assembly","3rd party,backwards incompatible,bug,does not compile,duplicate,enhancement,hacktoberfest,invalid,linux,macos,minor bug,not enough info,packaging,question,significant bug,tests / feedback needed,windows,wontfix,x-platform"
675,fioprotocol/fio,False,13163,73,master,17,15,MIT License,24,16,8,92086,2020-03-03 20:02:06.0,2021-02-01 22:04:11.0,2021-02-02 15:06:11.0,https://developers.fioprotocol.io/,C++,57,11,194,6,2020-08-12 16:59:58.0,0b30e123ca18d75d36505b147ad467dc3197b078,False,False,,
748,geonetwork/core-geonetwork,False,14505,37,master,24,82,GNU General Public License v2.0,68,253,398,285885,2012-06-14 09:59:55.0,2021-03-26 23:30:25.0,2021-03-26 07:46:23.0,http://geonetwork-opensource.org/,Java,2590,933,2952,65,2021-03-26 07:46:19.0,c6e2fa3b916923f6a97ca3edc718c90c63580178,True,False,"Java,XSLT,JavaScript,HTML,Less,CSS,Groovy,Gherkin,Shell,PowerShell,Batchfile","CSW,backport-3.10.x,backport-3.12.x,backport-3.4.4,backport-3.4.5,backport-3.6.x,backport-3.8.x,bug,critical,dependencies,enhancement,good first issue,help wanted,new feature,question,schema plugin change,wontfix"
885,ibm/carbon-components-angular,False,7275,6,master,522,53,Apache License 2.0,31,311,191,606697,2018-07-31 19:41:21.0,2021-03-26 21:24:21.0,2021-03-27 05:59:08.0,https://angular.carbondesignsystem.com,TypeScript,838,65,928,3,2021-03-24 05:39:22.0,22dece14882e7989036986cd3de88f83e23347ab,True,False,"TypeScript,JavaScript,HTML,Handlebars,Shell,SCSS","Hacktoberfest,IE11,Nov1,accessibility,bug,build,can't reproduce,community contribution,component: Accordion,component: Breadcrumb,component: Button,component: Checkbox,component: CodeSnippet,component: Combobox,component: ContentSwitcher,component: Date Picker,component: Dialog,component: Dropdown,component: File Uploader,component: Grid,component: Input,component: Loading,component: Modal,component: Notification,component: Number,component: OverflowMenu,component: Pagination,component: Progress Indicator,component: Radio,component: Search,component: Select,component: Table,component: Tabs,component: Tag,component: Tile,component: Toggle,component: Tooltip,component: UI Shell,demo,dependencies,discussion,documentation,duplicate,easy,enhancement,good first issue,hard,help wanted,i18n,icebox,invalid,medium,needs review,new component,ongoing,perf,question,refactor,released,released on @carbon-v3,released on @latest,released on @next,semantic-release,storybook,style,v3,wontfix,work in progress,ðŸš¨ critical ðŸš¨"
1270,mvvmcross/mvvmcross,False,9234,40,develop,27,314,Microsoft Public License,266,3461,1264,73555,2011-11-28 22:45:55.0,2021-03-15 09:07:50.0,2021-03-16 03:59:37.0,http://mvvmcross.com,C#,2055,229,2044,28,2021-03-02 10:33:52.0,0158a2191b60c9926e2a8e73e139de8355c71645,False,False,"C#,Pascal,Puppet,PowerShell","dependencies,first-timers-only,p/android,p/android-support,p/ci,p/forms,p/ios,p/mac,p/netcore,p/plugins,p/samples,p/tvos,p/uwp,p/wpf,s/deprecated,s/duplicate,s/in-progress,s/invalid,s/needs-investigation,s/needs-more-info,s/on-hold,s/wont-fix,t/breaking,t/bug,t/deprecated,t/docs,t/enhancement,t/feature,t/maintenance,t/question,t/security,up-for-grabs"
1827,simpeg/simpeg,False,6515,33,master,55,29,MIT License,48,284,163,81735,2013-11-26 19:46:36.0,2021-03-30 01:57:54.0,2021-03-29 21:24:31.0,http://simpeg.xyz,Python,440,98,539,14,2021-03-29 21:24:26.0,50e051320bec0fc3d12d92e004805feb34986430,True,False,"Python,Makefile","DC,EM,FLOW,GRAV,Good First Issue,IP,MAG,NSEM,Testing,Visualization,breaks backward compatibility,bug,community,directive,docs,duplicate,enhancement,example,field,framework-bug,from the industry,help wanted,in progress,invalid,joint,mapping,mesh,optimization,properties,question,ready for review,refactor,regularization,simulation,tutorial,utils,website"
936,iotaledger/trinity-wallet,False,12004,101,develop,62,33,Other,45,482,120,171755,2018-05-23 15:08:04.0,2021-03-27 03:59:57.0,2021-03-27 11:05:36.0,https://trinity.iota.org,JavaScript,640,65,2651,52,2021-03-20 18:08:46.0,c6d8e798ad503b8592a4e0c1b2955dc253c0e9da,True,False,"JavaScript,SCSS,Swift,Ruby,Java,Objective-C,Starlark,Shell,C","Bugsnag,C - Desktop,C - Mobile,C - Shared,Duplicate,E - Documentation,E - Functional,E - Performance,E - Refactor,E - Security,E - UI/UX,Good first issue,Greenkeeper,Help wanted,L - Assigned,L - Do not merge,L - Documentation,L - Has PR,L - Invalid,L - Need more information,L - Need reviews,L - Need to reproduce,L - Tests,L - WIP,L - Waiting for Upstream,P - Android,P - Linux,P - Windows,P - iOS,P - macOS,P0 - Super Critical,P1 - Critical,P2 - High,P3 - Medium,P4 - Low,Release,T - Bug,T - Enhancement,T - Feature Request,T - Meta,T - Question,V2,dependencies,java,javascript,ruby,wontfix"
469,digitalgreenorg/dg,False,10426,123,master,9,29,,22,11,8,662111,2011-11-09 16:04:45.0,2020-12-08 06:25:32.0,2020-09-22 11:56:50.0,,Python,218,30,797,27,2020-09-22 11:56:46.0,faee61fe61dba31427bc99446b43993d23546776,True,False,,
173,azure/azure-sdk-for-net,False,14618,176,master,2498,369,MIT License,1202,2276,2572,2107433,2011-12-06 23:32:47.0,2021-03-20 00:05:46.0,2021-03-20 19:20:54.0,,C#,6594,1312,12983,69,2021-03-20 00:02:43.0,da17d96002766d75e30292de3e50035d295ad62c,True,False,"C#,HTML,PowerShell,Shell,JavaScript,Batchfile,Smarty,CSS,Dockerfile",".NET Fluent SDK,0 - Backlog,AAD,ACS,AKS,API Management,APIChange,ARM,ARM - Core,ARM - Managed Applications,ARM - RBAC,ARM - Service Catalog,ARM - Tags,ARM - Templates,ARO,AVS,Advisor,Alerts Management,Analysis Services,App Configuration,App Services,AppAuthentication,ArchApproved,Attestation,Authentication,Authorization,AutoRest Runtime,Automation,Azure Arc enabled servers,Azure Data Explorer,Azure Stack,Azure.Core,Azure.Identity,Azure.Spring - Cosmos,Azure.Template,Batch,BatchAI,Billing,Blueprint,Bot Service,Central-EngSys,Client,Cloud Shell,CodeGen,Cognitive - Anomaly Detector,Cognitive - Bing,Cognitive - Computer Vision,Cognitive - Content Moderator,Cognitive - Custom Vision,Cognitive - Face,Cognitive - Form Recognizer,Cognitive - Immersive Reader,Cognitive - Ink Recognizer,Cognitive - LUIS,Cognitive - Metrics Advisor,Cognitive - Mgmt,Cognitive - Personalizer,Cognitive - QnA Maker,Cognitive - Speech,Cognitive - Text Analytics,Cognitive - Translator,Cognitive - Vision,Cognitive Services,Commerce,Communication,Community Contribution,Compute,Compute - Extensions,Compute - Images,Compute - Managed Disks,Compute - RDFE,Compute - VM,Compute - VMSS,Connected Kubernetes,Consumption,Container Instances,Container Registry,Container Service,Cosmos,Cost Management,Custom Providers,Customer Insights,CycleCloud,Data Bricks,Data Catalog,Data Factory,Data Lake,Data Lake Analytics,Data Lake Storage Gen1,Data Lake Storage Gen2,Data Lake Store,Data Migration,Data Share,DataBox,DataBox Edge,Dev Spaces,DevOps,Devtestlab,Digital Twins,Do Not Merge"
80,ansible/awx,False,29056,9,devel,5,299,Other,368,9428,2384,241814,2017-05-17 15:50:14.0,2021-03-27 03:08:47.0,2021-03-27 17:50:14.0,,Python,5606,1341,4112,53,2021-03-27 03:08:47.0,ba2fd6f801f9f54d810cf95496d20792209be1a5,False,False,"Python,JavaScript,HTML,Makefile,Shell,CSS,PowerShell,Dockerfile,Batchfile","Epic,Kebabs,component:a11y,component:analytics,component:api,component:awx_collection,component:cli,component:docs,component:ee,component:installer,component:l10n,component:ui,component:ux,dependencies,flag:community,flag:duplicate,flag:qe,good first issue,help wanted,mergeit,priority:high,priority:low,priority:medium,qe:blocking,qe:escape,qe:hit,qe:platform,qe:regression,qe:visual,state:blocked,state:has_unmerged_pr,state:in_progress,state:needs_devel,state:needs_docs,state:needs_info,state:needs_review,state:needs_revision,state:needs_test,state:pending_translations,state:waiting_for_pf,sustaining:support,type:bug,type:enhancement,type:feature,type:task"
1209,microsoft/recommenders,False,6345,17,main,7,68,MIT License,244,9408,1643,201467,2018-09-19 10:06:07.0,2021-03-29 14:07:24.0,2021-03-30 06:23:32.0,https://microsoft-recommenders.readthedocs.io/en/latest/,Python,557,119,805,7,2021-02-11 11:15:36.0,1adb30a447eeda335ffae27452179f806e15c9a9,True,False,"Python,Scala,C++,Dockerfile,Jupyter Notebook","aks,algorithm,azureml,bug,build,computational improvement,data,dependencies,do not merge,documentation,duplicate,enhancement,evaluation,good first issue,help wanted,high priority,investigate,low priority,milestone,needs discussion,notebook,operationalization,security,setup,style improvement,test,tuning,typo,utilities"
1701,real-logic/aeron,False,14273,3,master,72,82,Apache License 2.0,362,5443,648,48211,2014-02-07 17:16:58.0,2021-03-29 09:54:08.0,2021-03-29 09:54:11.0,,Java,592,19,568,1,2021-03-29 09:54:04.0,ecfd547ff13b7b3b7e63e170d32d47bee1cb139a,True,False,"Java,C++,C,CMake,Shell,Batchfile","Linux,OSX,Requires Sponsorship,Windows,bug,documentation,duplicate,enhancement,invalid,question,task,wontfix"
771,gmod/jbrowse,False,8125,80,master,27,48,GNU Lesser General Public License v2.1,54,395,195,68371,2009-01-16 11:30:52.0,2021-03-25 18:43:29.0,2021-03-26 15:06:53.0,http://jbrowse.org,JavaScript,1225,152,358,22,2021-03-11 23:10:58.0,faf2258d98a9611a219fd138759fbf15101d0905,True,False,"JavaScript,Perl,SCSS,Python,HTML,Shell,CSS,Makefile,AngelScript,ActionScript","Apollo,To do,big task,bug,complicated,dependencies,documentation,feature req,from-lighthouse,good first issue,greenkeeper,hackathon,has pullreq,help wanted,high priority,in progress,needs review,plugin idea,regression,scalability,small task,tech debt/infrastructure,urgent,user support,waiting for user"
1925,swaywm/sway,False,6651,9,master,51,346,MIT License,244,8664,740,28854,2015-08-05 01:31:45.0,2021-03-25 22:12:34.0,2021-03-25 23:47:05.0,https://swaywm.org/,C,3239,411,2859,76,2021-03-25 16:22:26.0,1d62d6bfa09860d7a59640dcb20d5273a55401c4,True,False,"C,Meson,Shell,Python,Roff","bug,client-compat,config,docs,enhancement,good first issue,i3-compat,input/keyboard,input/pointer,input/tablet,input/touch,invalid,ipc,layout,meta,proposal,renderer,swaybar,swaynag,waiting-on-reporter,window-management,xwayland"
1880,stack-of-tasks/pinocchio,False,5402,4,master,52,27,Other,46,437,141,19891,2014-10-07 15:42:51.0,2021-03-27 06:00:25.0,2021-03-27 06:39:41.0,http://stack-of-tasks.github.io/pinocchio/,C++,569,32,842,2,2021-01-23 19:42:02.0,0856656a329cb53263e8d3e90ee2bb3eec6cf24d,False,False,"C++,Python,CMake,MATLAB,Shell","binding,bug,c++,documentation,feature request,help wanted,hpp requirement,known-bug-wont-fix,need modifications,priority,python,question,rendering,sot requirement,spatial-refactoring,suggestion,travis,urdf-refactoring,work allocated"
737,geli-lms/geli,False,6010,46,develop,17,34,Apache License 2.0,20,133,65,55912,2017-03-14 13:56:14.0,2021-03-27 12:36:57.0,2021-03-27 12:37:01.0,,TypeScript,479,84,1010,30,2021-03-27 12:36:57.0,02ae52087e74e90ee25c35e1cefa5201677e6f7c,True,False,"TypeScript,HTML,CSS,SCSS,Shell,JavaScript,Dockerfile,Rich Text Format","api,blocked,bug,dependencies,discovery,discussion,duplicate,enhancement,future,good first issue,help wanted,infrastructure,invalid,next release,nice to have,question,refactoring,skeleton,tracking,trivial,web-frontend,ðŸ”’ security"
461,dgcdev/digitalcoin,False,6274,5,master,2,96,MIT License,21,22,31,58004,2014-09-08 09:58:24.0,2019-06-12 03:49:08.0,2020-10-14 13:42:11.0,http://digitalcoin.co,C++,11,5,27,2,2019-06-12 03:49:07.0,1f964fb0493f3ea1008dd6ca0f7ef986d1835865,True,False,,
1872,spyder-ide/spyder,False,21917,6,master,65,175,MIT License,293,6126,1230,85878,2015-02-16 22:49:48.0,2021-03-20 21:28:47.0,2021-03-21 07:37:40.0,https://www.spyder-ide.org/,Python,12015,954,2879,66,2021-03-20 20:27:18.0,01d9195b1a33d02f42faf3c8e0047412966a24ce,True,False,"Python,JavaScript,CSS,HTML,Shell,C++,Jupyter Notebook,Batchfile,Java,Erlang,Julia,C,Elixir,R","1 star,11â€“20 stars,2â€“5 stars,6â€“10 stars,Epic,OS:All,OS:Linux,OS:MacOS,OS:Windows,Package:PyLS,Package:PyQt,Package:PySide,Package:Python2,Package:Python3,community:Assigned,community:Easy,community:Help wanted,component:Code Completion,component:Debugger,component:Editor,component:File Explorer,component:File Switcher,component:Find and Replace,component:Find in files,component:Help,component:History Log,component:IPython Console,component:Main Window,component:Online Help,component:Outline Explorer,component:Plots,component:Plugins,component:Preferences,component:Profiler,component:Projects,component:Pylint,component:Python Console,component:Variable Explorer,internal console,resolution:Completed,resolution:Duplicate,resolution:Invalid,resolution:NoResponse,resolution:NotSpyder,resolution:Wontfix,severity:1-Critical,severity:2-Major,severity:3-Moderate,severity:4-Low,status:Awaiting Followup,status:Pending Changes/Test,status:Ready For Review,status:Reproduced,status:Work In Progress,tag:Documentation,tag:Installer,tag:Ui,tag:Ux-usability,type:Bug,type:Discussion,type:Enhancement,type:Feature,type:Question,type:Task,type:Techdebt,upstream,v4.1.0,v4.1.1,v4.2.0,v5.0beta1,v:future,v:wishlist"
102,apinf/platform,False,11322,32,develop,64,41,European Union Public License 1.1,20,65,34,30481,2015-03-04 08:33:18.0,2020-12-31 01:38:34.0,2021-01-12 17:10:38.0,https://apinf.com/,JavaScript,2589,240,1203,16,2019-10-12 06:14:11.0,56eb2df9656f10329826fd451a56e9b460742512,True,False,"JavaScript,HTML,CSS,RobotFramework,Shell,Dockerfile","0 - Backlog,1 - Ready,2 - Working <= 5,3 - Review,4 - Done,API Analytics View,API Lifecycle Management,API Monitoring,API Umbrella,API monetization,Apinf REST APIs,Architecture,Automated Testing,Bounty proposal,Catalog 2.0,Cleanup,Configuration,Dashboard 2.0,Dashboard Monitoring,Deployment,DevOPS,Documentation,Documentation Editor,Documentation Viewer 2.0,EMQ Dashboard,EPIC,FIWARE,HSL,Multi-proxy 2.0,NEXT,Organization Management,Pilot customer,Platform Branding,REST API Dashboard,Ready for review,Research,SDK generator,SEO as a Service,SaaS,SaaS service monetization,UX,Usability Issue,User Experience,User documentation,User notifications,User registration,after NEXT,after NEXT!!!,backlog,blocked,bug,dependencies,eMQ,enhancement,help wanted,i18n/l10n,icebox,in progress,low hanging fruit,planning,ready,refactor,security,team_ea,testing,wireframe available,wireframe needed,wontfix"
1273,myhush/hush,False,11254,32,master,8,375,Other,28,70,39,50769,2017-06-16 14:37:20.0,2019-04-10 20:26:30.0,2020-12-31 08:59:31.0,https://myhush.org,C++,75,32,89,4,2019-02-18 13:45:35.0,7ec15c6cf958bc44b386f96f5c5afbf832f9fda8,True,False,,
687,foam-framework/foam,False,13759,47,master,40,23,Other,42,795,59,38441,2014-05-01 18:10:55.0,2020-09-22 13:52:06.0,2021-01-16 11:04:02.0,,JavaScript,481,118,100,4,2020-09-22 13:52:05.0,2a7372d8b7fa57a5174666cc5508a0ff26027782,True,False,"JavaScript,HTML,Java,CSS,Shell,Swift,Batchfile,Objective-J,Dockerfile","Performance,android,app-builder,bug,check-repro,docs,duplicate,enhancement,error-reporting,help wanted,iOS,imported,invalid,mbug,question,quickbug,wontfix"
338,clasp-developers/clasp,False,9820,29,master,3,30,,110,1823,120,138171,2014-05-20 03:54:02.0,2021-03-29 15:46:27.0,2021-03-29 14:03:21.0,,C++,654,78,501,5,2021-03-29 14:03:14.0,0614d92becb5c958bcd879ee8d53be5b56f3e86e,True,False,"C++,Common Lisp,Python,C,Shell,NewLisp,Dockerfile,Makefile,GDB,CSS,DTrace,Emacs Lisp,Awk","bug,building,can't reproduce,clbind,cleanup,clos,compiler,conformance,crash,documentation,duplicate,enhancement,literals,porting,question,wontfix"
820,gulden/gulden-official,False,19002,7,master,74,349,Other,37,126,48,124572,2015-08-13 10:46:44.0,2021-03-22 13:34:15.0,2021-03-22 13:10:48.0,https://www.gulden.com,C++,178,52,58,1,2021-03-13 07:14:46.0,b982170c8794d1516d6d80233341cfb2364b7ab3,True,False,"C++,Python,C,Kotlin,M4,JavaScript,Vue,Makefile,Java,Objective-C++,Objective-C,Shell,HTML,Sage,Assembly,Less,CSS,Dockerfile","beginner_difficulty,bug,build system,dependencies,duplicate,enhancement,expert_difficulty,fixed_in_2.0_release,help wanted,intermediate_difficulty,invalid,mobile,question,ux"
1973,theano/theano,False,28123,3,master,34,350,Other,572,9320,2502,68141,2011-08-10 03:48:06.0,2020-09-05 10:41:31.0,2021-01-01 18:36:53.0,http://www.deeplearning.net/software/theano,Python,2653,572,4108,102,2020-09-05 10:39:50.0,eb6a4125c4f5617e74b10503afc3f334f17cf545,True,False,,
1864,spongepowered/spongecommon,False,5543,18,stable-7,23,97,MIT License,44,215,166,42868,2015-04-11 20:38:48.0,2020-10-02 23:27:37.0,2020-09-28 10:58:30.0,,Java,1982,328,1180,26,2020-09-24 04:38:25.0,93573d687d6094f6d9466942450716f1847e6f3f,True,False,,
2200,zephyrproject-rtos/zephyr,False,50192,61,master,78,398,Apache License 2.0,349,4354,2668,386532,2016-05-26 17:54:19.0,2021-03-29 05:04:29.0,2021-03-28 20:04:25.0,https://docs.zephyrproject.org,C,11359,1130,22271,450,2021-03-28 12:30:06.0,7ce8c776504f80296d0c107581f908d674dc762a,True,False,"C,Python,CMake,Assembly,C++,Perl,Shell,SmPL,Verilog,Tcl,Objective-C,Gherkin,HTML,Pawn,EmberScript,Haskell,Makefile,VBA,PLSQL,Batchfile","Backport,Blocked,Bluetooth HCI,Bluetooth Qualification,Code Coverage,Coverity,DNM,Duplicate,EXT,Enhancement,Experimental,External,False positive,Feature,Feature Request,GSoC,Good first issue,Hardware Support,Hotfix,In progress,Inclusive Language,LTS,Licensing,Maintainer,Meta,Needs review,OpenOCD,RFC,Regression,Release Notes,Release Notes Required,Security Review,Stable API Change,Stale,TSC,Trivial,Waiting for response,Wont Fix,area: ADC,area: AIO,area: AMP,area: API,area: ARC,area: ARM,area: ARM64,area: ARM_64,area: Architectures,area: Audio,area: Base OS,area: Bluetooth,area: Bluetooth Audio,area: Bluetooth Controller,area: Bluetooth Host,area: Bluetooth Mesh,area: Boards,area: Build System,area: C Library,area: C++,area: CAN,area: CMSIS-Core,area: CMSIS-DSP,area: CMSIS-NN,area: Clock Control,area: Clocks,area: Code Style,area: Coding Guidelines,area: Configuration System,area: Conformance,area: Console,area: Continuous Integration,area: Counter,area: Crypto / RNG,area: DAC,area: DFU,area: DMA,area: DX,area: Debugging,area: Device Management,area: Device Model,area: Devicetree,area: Devicetree Binding,area: Devicetree Tooling,area: Disk Access,area: Display,area: Documentation,area: Drivers,area: EEPROM,area: Ethernet,area: Exception Handling,area: File System,area: Flash,area: Flashing,area: GPIO,area: HWINFO,area: I2C,area: I2S,area: IEEE 802.15.4,area: IPC,area: IPM,area: Interrupt Controller"
304,cegui/cegui,False,6360,161,master,31,48,MIT License,10,111,24,43010,2020-01-09 08:15:37.0,2020-12-11 23:13:10.0,2021-01-05 09:10:52.0,http://cegui.org.uk,C++,1188,150,23,3,2020-12-11 23:13:03.0,1e8d5d9a45456248176f3f0e5359b88cd740bb8f,True,False,,
1617,ptmt/react-native-macos,False,13041,25,master,9,1181,Other,244,11423,496,85882,2015-10-04 15:22:01.0,2020-12-22 00:40:58.0,2021-02-11 23:54:10.0,,JavaScript,173,47,86,13,2020-07-17 13:24:16.0,0f09ff48a8c1e2310ec9eef2529d64e321c0b599,True,False,"JavaScript,Java,Objective-C,C++,Objective-C++,HTML,Starlark,Shell,C,Assembly,Ruby,Makefile,CSS,Kotlin,Batchfile","bug,dependencies,discussion,duplicate,feedback wanted,help wanted,invalid,need more details,promo,proposal,question,wontfix,work in progress"
1205,microsoft/cntk,False,16116,1069,master,39,202,Other,1336,16954,4409,935976,2015-11-26 09:52:06.0,2020-09-08 19:40:44.0,2021-01-11 03:03:31.0,https://docs.microsoft.com/cognitive-toolkit/,C++,3260,746,549,84,2020-03-31 15:55:14.0,e9396480025b9ca457d26b6f33dd07c474c6aa04,True,False,,
95,apache/lucenenet,False,6038,28,master,8,43,Apache License 2.0,175,1570,559,167181,2009-03-27 15:41:57.0,2021-03-29 09:04:14.0,2021-03-29 09:04:18.0,https://lucenenet.apache.org/,C#,109,44,346,6,2021-03-29 09:03:37.0,7f40e2f67a5e88b3a9c7b3418101a0629a8780d9,False,False,"C#,PowerShell,HTML,JavaScript,XSLT,CSS,Liquid,Batchfile,Gnuplot","Lucene.Net Contrib,Lucene.Net Core,Lucene.Net Test,Lucene.Net.Analysis.SmartCN,Lucene.Net.Facet,Lucene.Net.Misc,Lucene.Net.Queries,Lucene.Net.QueryParser,Lucene.Net.TestFramework,Project Infrastructure,awaits:discussion,dependency,design,docs,good-first-issue,hacktoberfest-accepted,help-requested,help-wanted,investigation,is:bug,is:duplicate,is:enhancement,is:feature,is:idea,is:invalid,is:question,is:wontfix,lucene-cli,performance,pri:critical,pri:high,pri:low,pri:normal,test-failure,testability,up-for-grabs"
1096,liveblog/liveblog,False,7103,6,master,79,31,GNU Affero General Public License v3.0,24,91,56,25532,2015-02-18 09:22:19.0,2021-03-29 14:14:20.0,2021-03-29 13:18:33.0,https://www.sourcefabric.org/software/liveblog,JavaScript,37,7,1290,2,2021-03-26 13:15:06.0,3fef2665805a3e6a87c4093fbe766ab1cdac23e0,True,False,"JavaScript,Python,HTML,API Blueprint,SCSS,Gherkin,TypeScript,Less,CSS,Shell,Dockerfile,Makefile,Vim script","bug,dependencies,duplicate,enhancement,help wanted,invalid,javascript,need reviews,python,question,wip,wontfix"
1943,taskcluster/taskcluster,False,19652,66,main,110,173,Mozilla Public License 2.0,11,128,195,125324,2018-12-15 03:48:26.0,2021-03-28 12:26:57.0,2021-03-27 12:48:23.0,https://taskcluster.net,JavaScript,1098,194,3557,20,2021-03-27 12:48:20.0,8e18d296c06578f5fc1123c1ab80aceb00a97f84,False,False,"JavaScript,Go,Python,Rust,Shell,PLpgSQL,Pug,CSS,Dockerfile,EJS,Makefile,Batchfile,HTML","Epic,blocked,blocker,bug,checks api,cloud-dependency,db,dependencies,deploy-config,docs,enhancement,github,good first issue,good second issue,help wanted,housekeeping,javascript,lang:go,lang:js,lang:python,lang:rust,notifications,object-service,outreachy,performance,provisioning,smoketest,stabilization,tc-ci,ui,worker management"
473,dita-ot/dita-ot,False,5616,19,develop,76,33,Apache License 2.0,85,280,153,99814,2012-04-14 04:49:04.0,2021-03-25 10:32:57.0,2021-03-25 20:33:41.0,https://www.dita-ot.org,Java,2884,221,830,17,2021-03-09 16:25:48.0,9d0ad7495db0240ef7acee99b3593368acd90a89,True,False,"Java,XSLT,HTML,SCSS,CSS,Shell,Batchfile,C,JavaScript,Dockerfile","CI,CLI,DITA 1.3,DITA 2.0,accessibility,ant,architecture,bug,build,dependency,dita standard,duplicate,enhancement,feature,good first issue,i18n,inactive,index,invalid,need-more-info,needs reproduction,obsolete,platform-dependent,platform/windows,plugin-integration,plugin/eclipsehelp,plugin/html5,plugin/htmlhelp,plugin/javahelp,plugin/lwdita,plugin/odt,plugin/pdf,plugin/pdf/fop,plugin/tocjs,plugin/troff,plugin/wordrtf,plugin/xhtml,preprocess,preprocess/branch-filtering,preprocess/chunking,preprocess/coderef,preprocess/conref,preprocess/filtering,preprocess/keyref,preprocess2,priority/high,priority/low,priority/medium,project,question,stale,support,won't fix"
2110,vuetifyjs/vuetify,False,11277,72,master,384,438,MIT License,615,29986,5481,68793,2016-09-12 00:39:35.0,2021-03-28 17:51:40.0,2021-03-29 12:28:48.0,https://vuetifyjs.com,TypeScript,9696,1184,3420,30,2021-03-28 04:39:34.0,009d96968026b8fa0b89b1a9fadddf7b8c832f25,True,False,"TypeScript,Vue,Sass,JavaScript,SCSS,HTML,Shell,Dockerfile","C: New Component,C: New Composable,C: Selection controls,C: Transitions,C: VAlert,C: VApp,C: VAppBar,C: VAutocomplete,C: VAvatar,C: VBadge,C: VBanner,C: VBottomNavigation,C: VBottomSheet,C: VBreadcrumb,C: VBtn,C: VBtnToggle,C: VCalendar,C: VCard,C: VCarousel,C: VCheckbox,C: VChip,C: VChipGroup,C: VCol,C: VColorPicker,C: VCombobox,C: VData,C: VDataFooter,C: VDataIterator,C: VDataTable,C: VDatepicker,C: VDialog,C: VDivider,C: VEditDialog,C: VExpansionPanel,C: VFileInput,C: VFooter,C: VForm,C: VGrid,C: VIcon,C: VImg,C: VInput,C: VItemGroup,C: VLazy,C: VList,C: VListGroup,C: VMain,C: VMenu,C: VMessage,C: VNavigationDrawer,C: VOverflowBtn,C: VOverlay,C: VPagination,C: VParallax,C: VProgressCircular,C: VProgressLinear,C: VRadio,C: VRadioGroup,C: VRangeSlider,C: VRating,C: VResponsive,C: VRipple,C: VRow,C: VSelect,C: VSelectList,C: VSheet,C: VSimpleCheckbox,C: VSimpleTable,C: VSkeletonLoader,C: VSlideGroup,C: VSlider,C: VSnackbar,C: VSpacer,C: VSparkline,C: VSpeedDial,C: VStepper,C: VSwitch,C: VTabs,C: VTextField,C: VTextarea,C: VTimePicker,C: VTimeline,C: VToolbar,C: VTooltip,C: VTreeview,C: VVirtualScroll,C: VWindow,CSS specificity,D: New Directive,D: click-outside,E: Validation,Epic,Framework,NUXT,P: critical,P: elite sponsor,P: high,P: low,P: sponsor,PR: don't squash,S: has PR"
684,flowminder/flowkit,False,8711,35,master,57,13,Mozilla Public License 2.0,12,60,15,247509,2018-10-31 23:59:44.0,2021-03-29 11:38:42.0,2021-03-29 11:17:27.0,https://flowminder.github.io/FlowKit/,Python,551,149,3285,20,2021-03-29 11:17:24.0,b74c8797900c3b5310847b11b1d37b2da3d2a6b0,True,False,"Python,JavaScript,PLpgSQL,Shell,Dockerfile,Jupyter Notebook,Makefile,HTML,Ruby,CSS,Smarty","AutoFlow,CI,FlowAPI,FlowAuth,FlowClient,FlowDB,FlowETL,FlowMachine,UX/UI,asana,bug,dependencies,deployment,development,discussion,docker,docs,duplicate,enhancement,flowkit-jwt-generator,good first issue,help wanted,invalid,javascript,logging,maintenance,performance,permissions,python,question,quick-start-script,ready-to-merge,refactoring,release,ruby,security,tests,visualization,wontfix,worked_examples"
1603,project-osrm/osrm-backend,False,8356,173,master,22,126,BSD 2-Clause Simplified License,236,4281,2368,41747,2011-09-22 10:05:08.0,2021-03-26 16:32:03.0,2021-03-26 16:32:13.0,http://map.project-osrm.org,C++,3927,765,2065,37,2021-03-26 16:32:03.0,c15b02ecf631ad4a8c8d4f42e4449c29c8dc3d12,True,False,"C++,Gherkin,JavaScript,Lua,CMake,Python,Shell,Batchfile,Makefile,Dockerfile","Bicycle,Bug Report,Compilation,Discussion,Experimental - Do not merge,Feature Request,Guidance,Hacktoberfest,MLD,NodeJs,Optimization,Profile,Ready To Merge,Refactor,Review,Review - In feedback,Starter Task,Travis,Windows,Work In Progress,answered - waiting for response,hacktoberfest-accepted,invalid,question"
1863,spongepowered/sponge,False,7339,12,api-8,10,105,MIT License,40,243,179,49988,2015-04-11 20:38:48.0,2021-03-29 20:20:54.0,2021-03-29 20:20:57.0,,Java,2062,278,1276,21,2021-03-29 20:19:57.0,d337c2a3b8f2b333253d8c49b2773b5a129f3fcb,True,False,"Java,Kotlin,Shell","api: pending,branch: bleeding,help wanted,priority: high,priority: low,priority: medium,resolution: duplicate,resolution: incomplete,resolution: invalid,resolution: moved,resolution: no response,resolution: superseded,resolution: unsupported,resolution: wishful thinking,resolution: wontfix,status: accepted,status: blocked,status: input wanted,status: investigation,status: more information needed,status: needs review,status: needs testing,status: needs triage,status: needs updating,status: pr pending,status: ready to merge,status: requested changes,status: stale,status: waiting for reply,status: wip,system: advancement,system: client,system: command,system: config,system: crafting,system: data,system: economy,system: entity,system: event,system: inventory,system: network,system: permission,system: phase tracker,system: redstone,system: registry,system: scoreboard,system: test,system: text,system: world,system: world gen,type: backport,type: bug,type: enhancement,type: feature request,type: impl request,type: performance,type: support,version: 1.10 (u),version: 1.11 (u),version: 1.12,version: 1.16,version: 1.8 (u)"
2050,unvanquished/unvanquished,False,10348,51,master,9,67,Other,56,596,122,141846,2011-09-30 16:44:44.0,2021-03-25 06:21:09.0,2021-03-25 06:21:12.0,https://unvanquished.net,C++,868,264,470,14,2021-03-25 06:21:09.0,2783e77acc2e41fc1f717124394ed851f1b612e6,True,False,"C++,C,CMake,Shell,Objective-C,Batchfile,PowerShell,Perl","A-Assets,A-Audio,A-Bots,A-Build,A-Client,A-Distribution,A-Engine,A-Gamelogic,A-Input,A-Logging,A-Network,A-Renderer,A-Server,A-Tutorial,A-UI,A-Website,D-Easy,D-Hard,D-Medium,D-Mentored,D-Rookie,GPU-AMD,GPU-Intel,GPU-Nvidia,OS-Linux,OS-Mac,OS-Windows,PR-Blocked,PR-Merge-Pending,PR-Needs-Review,PR-Work-In-Progress,S-Blocking,S-Duplicate,S-Help-Wanted,S-Invalid,S-Needs-Fork,S-Needs-Input,S-Postponed,S-Verified,S-Wontfix,T-Accessibility,T-Bug,T-Cleanup,T-Enhancement,T-Feature-Request,T-Missing,T-Performance,T-Question,T-Regression,T-Security,T-Task,T-Verbosity"
1083,linq2db/linq2db,False,5322,50,master,61,82,MIT License,160,2009,368,458782,2011-06-18 16:24:37.0,2021-03-28 15:46:26.0,2021-03-28 20:08:48.0,,C#,1760,250,1150,26,2021-03-25 14:51:46.0,a164fe831501cb81bd6ffb80f144d56247951465,True,False,"C#,TSQL,Shell,PLSQL,Batchfile,PLpgSQL,F#,PowerShell,Visual Basic .NET,Smalltalk","area: T4,area: async,area: bulk-copy,area: compiled-query,area: configuration,area: data-context,area: documentation,area: extensions,area: fluent-mapping,area: fsharp,area: infrastructure,area: linq,area: mapping,area: mono,area: nuget,area: performance,area: remote-context,area: schema,area: sql,area: types,area: vb.net,area: xamarin,area:DDL,area:tests,epic: DDL,epic: configuration,epic: eager-load,epic: insert,epic: merge,epic: output,epic:code-generator,good first issue,provider: access,provider: db2,provider: firebird,provider: informix,provider: mssql,provider: mysql,provider: oracle,provider: postgresql,provider: sap-hana,provider: sqlce,provider: sqlite,provider: sybase,resolution: external,resolution: out-of-scope,severity: critical,severity: regression,status: expecting answer,status: has-pr,status: has-tests,status: investigation-required,status: needs-tests,type: bug,type: discussion,type: feature,type: improvement,type: question,type: refactoring"
282,canjs/canjs,False,11227,320,master,323,171,Other,109,1848,414,184137,2012-01-20 17:57:21.0,2020-12-29 16:15:49.0,2021-02-15 17:22:08.0,https://canjs.com/,JavaScript,2141,294,3365,13,2020-12-29 15:48:36.0,1aafb33df687c6fe6563745993907e5e7c47990a,True,False,"JavaScript,HTML,Makefile,Shell","6.0,6.1,CI,Dev Build,Epic,Future Feature,Moved to sub-repo,Test Needed,accessibility,bug,can-component,cleanup,community,compatibility,demos,design,developer relations,discussion,documentation,duplicate,easy,enhancement,error messages,es modules,fixed in branch,good first issue,greenkeeper,help wanted,in progress,invalid,meetup content,needs a hero,needs submitter response,p0,p1,p2,p3,p4,performance,proposal,question,regression,review,sample code,semver major,solved on paper,testing,training content,tree-shaking,webpack,website,wontfix"
2094,visit-dav/visit,False,17231,54,develop,12,37,BSD 3-Clause New or Revised License,14,142,44,349400,2019-01-13 23:27:26.0,2021-03-28 13:23:08.0,2021-03-28 13:23:10.0,https://visit.llnl.gov,C,3894,1556,1477,7,2021-03-28 13:22:16.0,adc7b2db5abaa211d6829b41286278d64c6f6c45,True,False,"C,C++,Python,Java,Shell,CMake,HTML,Fortran,JavaScript,SWIG,Perl,Objective-C,Roff,Mathematica,XSLT,CSS,Makefile,QMake,Dockerfile,Objective-C++,Gnuplot,Awk,Pawn,Batchfile","asc,bug,crash,docs,enhancement,good first issue,grizit,help wanted,impact high,impact low,impact medium,likelihood high,likelihood low,likelihood medium,low-hanging fruit,priority,question,reviewed,scidac,vtk8,wontfix,wrong results"
1348,nukeykt/nblood,False,12176,7,master,2,30,,25,272,35,125693,2019-02-12 13:57:15.0,2021-03-14 20:00:18.0,2021-03-14 14:51:18.0,https://lerppu.net/wannabethesis/,C++,238,66,225,4,2021-03-14 14:51:08.0,82028271de3e84df064f173da5295313a2de9daa,True,False,"C++,C,Lua,Assembly,Objective-C++,Makefile,Python,Objective-C,Shell,GLSL","bug,duplicate,enhancement,good first issue,help wanted,invalid,question,wontfix"
1852,souffle-lang/souffle,False,9229,5,master,16,59,Universal Permissive License v1.0,37,429,112,538134,2016-03-12 03:39:22.0,2021-03-26 00:45:45.0,2021-03-26 00:45:49.0,http://souffle-lang.github.io/,C++,613,62,1270,2,2021-03-26 00:45:45.0,346d5591d209ab30b858fda93962d45cda2496f6,True,False,"C++,M4,Makefile,Shell,Yacc,LLVM,Dockerfile,CMake,Java,Python,C,SWIG,Batchfile","bug - identified,bug - triage,compatibility,documentation,duplicate,enhancement,help wanted,invalid,proposal,question,refactoring,release,wontfix"
226,bitzenycoredevelopers/bitzeny,False,14945,8,z2.0.x,127,467,MIT License,40,99,36,69256,2017-10-24 14:48:45.0,2018-11-22 12:53:10.0,2020-06-26 00:39:58.0,https://bitzeny.info,C++,16,5,32,3,2018-09-25 18:00:46.0,11f7e27a6a9967538b289f9918e71db37b933610,True,False,,
462,dhis2/dhis2-android-capture-app,False,6450,13,master,27,22,BSD 3-Clause New or Revised License,32,23,45,111738,2018-04-11 17:01:56.0,2021-03-24 16:22:25.0,2021-03-24 12:35:40.0,,Java,13,10,1993,7,2021-03-22 14:02:19.0,6573c076c241383eb0bb02d91320e62cf98a5894,True,False,"Java,Kotlin,HTML,Shell,Python","CONFLICT,Documentation,Internal testing,Problem with testing,Re-review,Ready for merge,Ready for testing,Tested,Unit Test,bug,changes requested,design,duplicate,enhancement,espresso test,on pause,question,refactor,release candidate,translations,waiting for approval,wontfix"
1548,photonstorm/phaser,False,16435,7,master,113,388,MIT License,1258,29290,6432,326548,2013-04-12 12:27:51.0,2021-03-28 17:22:31.0,2021-03-29 07:43:08.0,http://phaser.io,JavaScript,3596,102,1991,8,2021-03-26 15:31:33.0,4fea76252b28a21fc3ca2bed1d48588c4ef5a3d7,False,False,"JavaScript,TypeScript,GLSL","bounty,âŒ›ï¸ Time Consuming,âŒ¨ï¸ Input,â±ï¸ Tween / Timeline,âœ¨ Particles,ðŸ Core,ðŸ» To be merged,ðŸŽž Video,ðŸŽ¥ Camera,ðŸŽ­ Mask,ðŸŽµ Audio,ðŸ› 3rd Party Lib Bug,ðŸ› Beta Release Bug,ðŸ› Browser Bug,ðŸ› Spine,ðŸ› TypeScript Bug,ðŸ‘ŽWon't Fix,ðŸ‘©â€ðŸ’» Code example needed,ðŸ’– Feature Request,ðŸ’¡ Lights,ðŸ’¸Mac OS,ðŸ“‘ Example,ðŸ“– Docs,ðŸ“œ Text,ðŸ“¦ Container,ðŸ“± Mobile,ðŸ”¥ Priority: Urgent,ðŸ”® Renderer (Canvas),ðŸ”® Renderer (Headless),ðŸ”® Renderer (WebGL),ðŸ•µï¸ Internal check needed,ðŸ•¹ï¸ Game Object,ðŸ–¥ï¸ Scale Manager,ðŸ–¼ï¸ Scene,ðŸ—ƒ Loader,ðŸ—ºï¸ Tilemap,ðŸ˜– Difficulty: Complex,ðŸ™‡â€â™‚ï¸ User to test,ðŸ™ Help Wanted,ðŸ¤“ Difficulty: Easy,ðŸ¤¨ Difficulty: Medium,ðŸ¤·â€â™‚ï¸ More info needed,ðŸ¥‡ Priority: High,ðŸ¥ˆ Priority: Medium,ðŸ¥‰ Priority: Low,ðŸ¦” Need to reproduce,ðŸ§ªPipeline,ðŸ§± Physics"
1347,nuget/nugetgallery,False,6428,125,main,36,113,Other,111,1304,598,79050,2011-08-09 17:57:32.0,2021-03-27 05:06:01.0,2021-03-26 20:07:33.0,,C#,5467,574,2981,14,2021-03-23 00:32:28.0,db62de43e24b704e9ab16d8abc39bdfa3e73260b,True,False,"C#,JavaScript,HTML,CSS,Less,PowerShell,ASP.NET,TSQL,Batchfile","Area: Accessibility,Area: Data Integrity,Area: Deployment,Area: Documentation,Area: Gallery UI,Area: Monitoring & Alerting,Area: NuGet.Server,Area: Performance,Area: Search,Area: Security,Area: Statistics,Area: Status page,Area: Test Coverage,Area: V2 Feed,Area: V3 Feed,Area: Validation,Area: licenses.nuget.org,BCDR,ClosedAs - By Design,ClosedAs - Duplicate,ClosedAs - External,ClosedAs - Not Repro,ClosedAs - Question,ClosedAs - Won't Fix,Customer Issue,Deployment,Discussions,Epic,External Contribution,Feature suggestion,GDPR,MVP,On-Call: Incident,Pillar: Engineering,Pillar: Experience,Pillar: Monitoring,Pillar: Scale,Pillar: Security,Priority - 1,Priority - 2,Priority - 3,Redesign Feedback,Refactoring,SymbolServer,Type:Bug,Type:Feature,UI improvement,Up for Grabs,Usabilla,Verified-Dev,Verified-Int,Verified-Prod,dependencies,feature-request,op,ops grabs"
700,frappe/erpnext,False,34845,33,develop,889,309,GNU General Public License v3.0,557,7974,3413,953267,2011-06-08 08:20:56.0,2021-03-28 14:51:18.0,2021-03-29 07:53:27.0,https://erpnext.com,Python,11578,2747,13393,85,2021-03-27 15:00:26.0,5c907fa7f093416bc8244f9d23dadaeb6eea5d15,True,False,"Python,JavaScript,HTML,Vue,SCSS,CSS,Less,Shell","Accounts,Action Required,Agriculture,Asset,Backlog,CRM,Communication,Customisations,Develop,Domains,Education,Enhancement,GST (India),Hospitality,Kaizen,Leaderboard,Marketing,Non-profit,POC,POS,Portal,Regional,Restaurant,Review-sider,Shortlisted,Skip Manual Testing,Statutory,Tools,UX Review Required,User Permission,V10,V12,WIP,Workflow,americas,awaiting confirmation,backport version-12-hotfix,bench,bug,buying,construction,critical,data-table,dependencies,depends-on-frappe,develop-branch-pr-missing,discussion,do not squash,documentation,dont-merge,downloads,duplicate,email,enterprise,entry-level,feature-request,fix-sider-issues,fixed,foundation-funded,framework,frappe-chat,frappe-support,healthcare,hotfix,hub,human-resources,inactive,installation,integration,invalid,javascript,legal,localization,maintenance,manufacturing,migration,mobile-app,mobile-app-challenge,needs-description,needs-docs,needs-screenshots,needs-semantic-title,needs-tests,paid development,payroll,pre-release-testing,print format,project-management,proposal,pull-request,question,refactor,release-candidate,replied,reports,review-codacy,reviewed,reviewing,security,selling"
1930,syndesisio/syndesis,False,16501,40,1.12.x,46,92,Apache License 2.0,54,435,191,179004,2017-10-02 17:26:55.0,2021-03-29 21:31:28.0,2021-03-29 21:31:31.0,https://syndesis.io/,Java,3627,79,5839,23,2021-03-29 21:31:28.0,75b0ef9b9979818c819527baa555b81a58d9a0b7,True,False,"Java,TypeScript,Go,Shell,JavaScript,CSS,Mustache,HTML,Makefile,Perl,Dockerfile,SCSS,Groovy","Epic,backport 1.10.x,backport 1.11.x,backport 1.12.x,backport 1.6.x,backport 1.7.x,backport 1.8.x,backport 1.9.x,backport master,cat/bug,cat/build,cat/design,cat/discussion,cat/enhancement,cat/feature,cat/process,cat/question,cat/research,cat/starter,cat/techdebt,cat/techdoc,cat/user-story,closed/duplicate,closed/migrated,closed/verified,closed/wont-fix,dependencies,ext/atlasmap,ext/docs,ext/qe,go,group/camel-k,group/common,group/connector,group/datavirt,group/extension,group/install,group/integration,group/meta,group/operator,group/s2i,group/server,group/test,group/ui,group/uxd,ignore/qe,java,javascript,monitoring,notif/doc,notif/pm,notif/triage,notif/uxd,ocp4,pr/1.4.x,pr/1.5.x,pr/1.6.x,pr/1.7.x,pr/1.8.x,pr/approved,pr/needs-backport,pr/review-requested,pr/wip,prio/p0,prio/p1,prio/p2,security,size/XS,size/XXL,size/l,size/m,size/s,size/xl,source/pm,source/qe,status/never-stale,status/stale,target/7.5,target/7.x,zenhub/backlog,zenhub/done,zenhub/in-progress,zenhub/review"
2205,zilliqa/zilliqa,False,8952,408,master,80,42,GNU General Public License v3.0,114,964,224,153963,2017-12-27 07:42:33.0,2021-03-29 07:29:14.0,2021-03-29 07:29:16.0,https://www.zilliqa.com,C++,313,78,2170,23,2021-03-29 07:29:13.0,975db337853c41c55af8b8d174ce843677b4dff2,True,False,"C++,Python,CMake,Shell,C,Cuda,Dockerfile,Makefile","Ready,Testing_InProgress,Untested,bug,dependent,do not merge,duplicate,enhancement,feature request,good first issue,help wanted,high,in-progress,invalid,low,medium,on hold,question,rebased,security,stale,wontfix"
937,iov-one/iov-core,False,5836,33,master,113,17,Apache License 2.0,45,197,19,13078,2018-04-17 18:46:16.0,2021-01-05 07:22:49.0,2021-02-10 08:12:18.0,https://iov-one.github.io/iov-core-docs/,JavaScript,477,33,967,11,2020-09-14 08:09:52.0,db5c65323574b595292513b7f51e12dddd87db33,True,False,"JavaScript,TypeScript,Shell,Python,Dockerfile","Internal Complete,Mainnet,Public Release,Testnet,blocked,breaking,bug,chain ID spec,dependencies,documentation,duplicate,enhancement,good first issue,help wanted,invalid,low hanging fruit ðŸ’,merge when green,nice-to-have,on hold,post-mvp,question,wip,wishlist,wontfix"
1400,open62541/open62541,False,7347,21,master,38,164,Other,159,1435,753,35390,2013-12-20 08:45:05.0,2021-03-29 16:25:25.0,2021-03-29 17:31:15.0,http://open62541.org,C,2069,486,2218,94,2021-03-29 16:25:24.0,2b14b5189b6f173f24e0db8051cc6ea8b03a3403,True,False,"C,Python,CMake,C++,Shell,PowerShell,Dockerfile","Component: Arch,Component: CI,Component: Client,Component: Core,Component: Documentation,Component: Encryption,Component: Multithreading,Component: Nodeset Compiler,Component: PubSub,Component: Server,Priority: Critical,Priority: High,Priority: Low,Priority: Medium,Status: Abandoned,Status: Has PR,Status: Help wanted,Status: In Progress,Status: Merge When Green,Status: On Hold,Status: Pending,Status: Review Needed,Status: Revision Needed,Type: Bug,Type: Enhancement,Type: Invalid,Type: Maintenance,Type: Question,Type: Wontfix,dependencies,help wanted"
1157,mavlink/qgroundcontrol,False,17620,30,master,55,197,Other,197,1779,2321,429652,2011-10-13 07:31:07.0,2021-03-29 11:08:05.0,2021-03-29 07:35:32.0,http://qgroundcontrol.io,C++,4063,775,5493,31,2021-03-27 17:08:48.0,b639bc4d0b6c1e49ee8f21774b2a185ff6e6a53b,False,False,"C++,C,QML,Shell,CMake,Java,Makefile,QMake,HTML,Python,Objective-C,Pascal,NSIS,CSS,MATLAB,M4,Objective-C++,PowerShell","All Firmware,Android,ArduPilot Firmware,Bug,CI/CD,Crash,Feature Request,Fix First,Linux,Localization,Move to Stable,Move to master,Multi-Vehicle,OSX,PX4 Firmware,Parrot BeBop,Qt Bug,Sub,Surveying,Touch,UX,Usability,VTOL,Video Streaming,Web Site,Windows,devcall,iOS"
1747,rptools/maptool,False,5256,24,develop,7,36,GNU Affero General Public License v3.0,42,471,187,180685,2014-10-21 12:26:48.0,2021-03-29 11:44:50.0,2021-03-29 09:20:28.0,http://rptools.net,Java,1115,392,1389,24,2021-03-27 11:44:19.0,e42b99c4e3a7b163ea8c6fab793368bcc5d19232,True,False,"Java,JavaScript,HTML,Lex,Perl,Shell,Python,CSS,XSLT","Epic,Existing functionality.,L,M,ON HOLD,S,XL,bug,build-configuration,claimed,code maintenance,deferred,dependencies,design needed,documentation needed,duplicate,feature,high,in progress,info needed,investigating,little or no coding,low,macro changes,medium,not reproducible,pedantic,performance,question,refactor,tested,thread-safety,translations,up for grabs,wontfix,working as designed"
2195,zeebe-io/zeebe,False,9539,73,develop,106,60,,95,1762,297,85172,2016-03-20 03:38:04.0,2021-02-26 06:48:31.0,2021-02-26 03:31:19.0,https://zeebe.io,Java,3558,424,2886,13,2021-02-25 13:19:14.0,a98d03dd211cc280c1bd609628f352f691e019a3,True,False,"Java,Go,Shell,Groovy,Scala,HTML,Makefile,Dockerfile","BREAKING CHANGE,CI: Hard To Reproduce,Categorize,Impact: Availability,Impact: Data,Impact: Integration,Impact: Memory Consumption,Impact: Observability,Impact: Performance,Impact: Regression,Impact: Security,Impact: Tech Debt,Impact: Testing,Impact: Usability,Priority: Critical,Priority: High,Priority: Low,Priority: Mid,Release: 0.19.0,Release: 0.20.0,Release: 0.20.2,Release: 0.20.3,Release: 0.20.3 RC1,Release: 0.20.3 RC2,Release: 0.21.0,Release: 0.21.1,Release: 0.22.0,Release: 0.22.0-alpha1,Release: 0.22.0-alpha2,Release: 0.22.1,Release: 0.22.2,Release: 0.22.3,Release: 0.22.4,Release: 0.22.5,Release: 0.23.0,Release: 0.23.0-alpha1,Release: 0.23.0-alpha2,Release: 0.23.1,Release: 0.23.2,Release: 0.23.3,Release: 0.23.4,Release: 0.23.5,Release: 0.23.6,Release: 0.23.7,Release: 0.24.0,Release: 0.24.0-alpha1,Release: 0.24.0-alpha2,Release: 0.24.1,Release: 0.24.2,Release: 0.24.3,Release: 0.24.4,Release: 0.24.5,Release: 0.24.6,Release: 0.25.0,Release: 0.25.0-alpha1,Release: 0.25.0-alpha2,Release: 0.25.1,Release: 0.25.2,Release: 0.25.3,Release: 0.25.4,Release: 0.26.0,Release: 0.26.0-alpha1,Release: 0.26.0-alpha2,Release: 0.26.1,Release: 1.0.0-alpha1,Research,Scope: broker,Scope: clients/go,Scope: clients/java,Scope: gateway,Severity: Critical,Severity: High,Severity: Low,Severity: Mid,Status: Backlog,Status: In Progress,Status: Needs Information,Status: Needs Priority,Status: Needs Review,Status: Needs Stakeholder Input,Status: Needs Triage,Status: Planned,Status: Ready,Status: Stale,Support,Type: Bug,Type: Docs,Type: Enhancement,Type: Maintenance,Type: Question,Type: Unstable Test,ZEP,backport stable/0.23,backport stable/0.24,backport stable/0.25,backport stable/0.26,dependencies,good first issue,hacktoberfest,hacktoberfest-accepted"
1406,openbazaar/openbazaar-desktop,False,5933,47,master,134,28,MIT License,44,588,177,52945,2016-06-21 14:34:19.0,2021-01-28 19:40:30.0,2021-02-09 08:54:48.0,,JavaScript,947,209,965,6,2020-12-29 22:03:48.0,f724cf15684d0930468d9a1dbb01cb9b0a0b9825,True,False,"JavaScript,HTML,SCSS,Shell,CSS","Epic,Ethereum,Needs Requirements,Needs Validation,Nice to Have,P 1,P 13,P 2,P 21,P 3,P 5,P 8,bug,dependencies,design/UX needed,discussion,enhancement,help wanted,high priority,invalid,low priority,medium priority,privacy,question,requirements,security,to be completed,will consider,wontfix"
574,endless-sky/endless-sky,False,6038,1,master,28,178,Other,173,2698,640,225458,2015-03-14 20:44:39.0,2021-03-27 22:32:28.0,2021-03-26 22:48:31.0,http://endless-sky.github.io/,C++,3473,600,2341,119,2021-03-26 22:48:27.0,3ca142086b06fb6fd5f295b84789a99edd9f9f0c,True,False,"C++,Shell,Python,Roff,PowerShell,C","balance,bug,content,documentation,duplicate,enhancement,mechanics,question,unconfirmed,unlikely,waiting on OP,wontfix"
766,globalarrays/ga,False,5218,37,master,10,28,Other,11,58,27,22578,2017-02-17 20:48:30.0,2021-03-20 16:33:34.0,2021-03-20 02:46:25.0,http://hpc.pnl.gov/globalarrays/,C,106,57,105,3,2021-03-20 02:46:12.0,da7a53ffca297b6856962aace33e3b44c978b0a7,True,False,"C,Fortran,C++,M4,CMake,Makefile,Shell,Python,Roff,HTML,Perl,Assembly,TeX,Forth,Objective-C","bug,cleanup,duplicate,enhancement,help wanted,invalid,question,thread-safety,wontfix"
1955,telefonicaid/fiware-orion,False,10847,64,master,57,61,GNU Affero General Public License v3.0,45,145,197,40201,2013-09-13 11:55:25.0,2021-03-29 16:00:32.0,2021-03-29 09:51:19.0,https://fiware-orion.rtfd.io/,C++,1470,365,2357,12,2021-03-29 09:51:15.0,895dea72a5a96f8fd4529e0373d0caa6ae1454d4,True,False,"C++,Gherkin,Python,Shell,C,CMake,Makefile,Dockerfile,JavaScript,XSLT,Go","APIv2,APIv2-debt,APIv2.1,AdvancedLevel,EntryLevel,IntermediateLevel,P1,P10,P2,P3,P4,P5,P6,P7,P8,P9,QATestPending,backlog,bug,dependencies,doc,good first issue,help wanted,mongodriver,must,ngsi-ld,nicetohave,question,should,techdebt"
1086,linuxdeepin/dde-control-center,False,6858,77,master,3,43,GNU General Public License v3.0,27,141,60,215280,2013-11-06 07:23:41.0,2021-03-29 09:59:06.0,2021-03-29 09:59:08.0,,C++,186,123,161,5,2021-03-29 09:58:44.0,195db5de645a6f8336d6e3b0f6ccdff2adb152af,True,False,"C++,CMake,QMake,Shell,CSS,C","bug,duplicate,enhancement,invalid,question,wontfix"
1709,reportportal/service-ui,False,5969,134,master,100,44,Apache License 2.0,29,43,82,68898,2016-09-14 12:38:54.0,2021-02-16 14:22:19.0,2021-02-04 12:33:04.0,,JavaScript,36,4,2536,8,2021-02-04 12:32:56.0,e6741ce954b511ae0686be7fdd14f12cbdd1df9a,True,False,"JavaScript,SCSS,Go,Makefile,Groovy,HTML,Dockerfile,Shell","4.4,5.3.1,5.3.5,Recheck,beta,bug,component:ui,dependencies,do not merge,duplicate,enhancement,fixed,help wanted,hotfix,invalid,question,review,v5beta,waiting for response,wontfix"
246,boost-ext/di,False,5049,6,cpp14,3,13,,69,761,84,75026,2012-01-23 21:42:55.0,2021-03-25 04:10:42.0,2021-03-25 12:40:36.0,https://boost-ext.github.io/di,C++,349,42,164,1,2021-03-11 18:02:54.0,52e6eaeb8d8ec4110e804d55252ce192c6bd55ae,False,False,"C++,Java,C#,CMake,Shell,Python,Meson,Makefile","archive,bug,ci,doc,example,extension,feature,improvement,in progress,ready,test,usage question"
1098,lk8000/lk8000,False,8698,8,master,26,38,GNU General Public License v2.0,16,93,56,74493,2011-01-09 16:55:30.0,2021-03-24 23:06:50.0,2021-03-24 23:06:53.0,http://www.lk8000.org,C++,361,26,1177,4,2021-03-24 23:00:57.0,5a42571ba641875ba397d15cbb7e14b7a14f4b2d,True,False,"C++,C,Java,HTML,Makefile,CMake,Shell,Assembly,XSLT","Bug,CRITICAL,Change request,Done. check and close,Glitch,Low priority BUG,New Feature,Reminder,To investigate,Work in progress"
678,firemodels/smv,False,33163,1,master,33,35,Other,10,22,124,62844,2016-08-31 15:46:51.0,2021-03-28 17:23:22.0,2021-03-28 17:23:26.0,,C,105,14,1010,1,2021-03-28 17:23:22.0,2bf4355449137b244cad6eb374d4398da1029161,True,False,"C,C++,TeX,HTML,C#,Lua,Fortran,Shell,Makefile,Batchfile,Roff,Objective-C,CSS","bug,duplicate,enhancement,help wanted,invalid,question,wontfix"
2014,tropy/tropy,False,7674,15,master,87,10,Other,22,338,38,82972,2015-11-03 21:29:09.0,2021-03-24 12:57:17.0,2021-03-24 12:57:20.0,https://tropy.org,JavaScript,474,163,125,3,2021-03-24 12:56:15.0,0133542e379b5829090be33909ce46392d197da4,True,False,"JavaScript,SCSS,GLSL,HTML,Shell","bug,db,dependencies,discussion,duplicate,electron,enhance!,esper,future,help wanted,infrastructure,linux,macOS,metadata,notepad,performance,react,ui/ux,upstream,windows"
2120,wazuh/wazuh-kibana-app,False,7960,138,master,149,26,GNU General Public License v2.0,49,217,70,38911,2016-06-29 01:43:18.0,2021-03-23 21:03:51.0,2021-03-23 20:52:39.0,https://wazuh.com/,TypeScript,1432,131,1639,20,2021-03-23 20:52:32.0,34a7422668f5880ee75b0ba9ec0f5cbd91c1fe7e,True,False,"TypeScript,JavaScript,SCSS,HTML,Pug,Shell","3.12.0,3.13.0,4.0.0,4.0.4-7.10.0,4.1,4.1.0-7.10.0,4.1.1,4.2,5.0,API 4.0/RBAC,Epic,NIDS,Redesign,UI/UX,UX,[i2] API 4.0/RBAC,back-end,backport,backport 3.13-7.7,backport 4.0-7.8.0-rbac,backport 4.0-7.9,bug,cicd,cloud,community,deangularize,delayed,documentation,duplicate,enhancement,help wanted,i18n,installation,kibana-release,kibana:index-patterns,kibana:oss,kibana:spaces,newPlatform,np/browser-side,np/server-side,on-going,operations,pending-api,pending-core,priority/high,priority/low,priority/medium,qa,react,reporting,server:logger,stalled,testing,testing:e2e,ui:dashboards,ui:events (discover)"
1474,openzfs/zfs,False,6649,12,master,64,327,Other,470,6828,1295,90878,2009-12-14 20:20:34.0,2021-03-29 00:52:19.0,2021-03-29 01:05:13.0,https://openzfs.github.io/openzfs-docs,C,6469,828,5150,108,2021-03-26 21:21:00.0,38280c3526845852c4da09fd0c11090493ee58fb,True,False,"C,Shell,M4,Python,Assembly,Makefile,C++,Lua,Perl,Roff,sed,Awk","Bot: Not Stale,Component: Dracut,Component: Encryption,Component: GRUB,Component: Memory Management,Component: Packaging,Component: Send/Recv,Component: Share,Component: Systemd,Component: Test Suite,Component: Userspace,Component: ZED,Component: ZVOL,Status: Accepted,Status: Blocked,Status: Code Review Needed,Status: Design Review Needed,Status: Feedback requested,Status: Inactive,Status: Revision Needed,Status: Stale,Status: Triage Needed,Status: Understood,Status: Work in Progress,Type: Architecture,Type: Backport,Type: Building,Type: Defect,Type: Documentation,Type: Feature,Type: Performance,Type: Question,Type: Regression,Type: Unknown,good first issue"
2053,uportal-project/uportal,False,15976,12,master,60,77,Apache License 2.0,53,223,260,169239,2011-10-20 15:34:22.0,2021-03-29 22:19:51.0,2021-03-29 18:40:18.0,https://www.apereo.org/projects/uportal,Java,98,46,2218,17,2021-03-29 18:40:16.0,7b33eed59baba7b41360562b89544a6f9a73e754,False,False,"Java,JavaScript,XSLT,HTML,Less,Groovy,CSS","Hacktoberfest,bug,dependencies,discussion,enhancement,good first issue,help wanted,rebase,stale,work in progress"
2020,twbs/bootstrap,False,20722,86,main,68,376,MIT License,7120,149037,72735,178773,2011-07-29 21:19:00.0,2021-03-29 07:49:07.0,2021-03-29 19:48:27.0,https://getbootstrap.com,JavaScript,20235,261,12300,110,2021-03-23 17:06:11.0,232e392c9126fcb1dbe13c963e7edcdbd62cfeb8,False,False,"JavaScript,HTML,SCSS,CSS,PowerShell","3rd-party,CI,accessibility,awaiting-reply,backport-to-v4,breaking-change,browser bug,build,confirmed,css,dependencies,docs,duplicate,examples,feature,github_actions,hacktoberfest-accepted,has conflicts,has-pr,help wanted,how-to,in progress,invalid,js,large PR,meta,needs documentation,needs migration notes,needs tests,no squash,no-backport-to-v4,on-hold,performance,print,refactoring,regression,release,rfs,rtl,ship list,skip-changelog,tests,utility API,v3,v4,v5,v6,won't fix"
1790,secdev/scapy,False,5706,1,master,11,277,GNU General Public License v2.0,200,6120,1426,83544,2015-10-01 17:06:46.0,2021-03-29 20:41:11.0,2021-03-30 02:50:52.0,https://scapy.net,Python,1134,42,2020,28,2021-03-29 12:25:02.0,9652b239b11b8e04191e1fa4f67a0f0cac18e2ee,True,False,"Python,Shell,PowerShell,Batchfile","Hacktoberfest,Hinty,PEPin,broken,bug,cleanup,conflicts,contributions wanted,convergence,coverage,dependency-related,discussion,doc,duplicate,enhancement,good first issue,hacktoberfest-accepted,help wanted,invalid,major,needs additional info,needs rework/cleanup,needs testing,new layer,on hold,platform-specific,tests,tls,wontfix"
325,chakra-ui/chakra-ui,False,6235,14,main,546,354,MIT License,167,16432,1303,87433,2019-08-17 14:27:54.0,2021-03-29 09:56:12.0,2021-03-29 22:52:45.0,https://chakra-ui.com,TypeScript,1664,61,1665,14,2021-03-29 08:50:53.0,6ab82ca37e898444b13c6a54de0b18704f562f12,False,False,"TypeScript,JavaScript,Handlebars,HTML","Breaking Change :hammer:,Critical Review Needed: Don't merge ðŸ›‘,Incorrect Issue âŒ,PR welcome ðŸ˜‡,Priority: High ðŸš¨,Priority: Low,Priority: Medium,Showcase ðŸ’–,Status: Assigned âž¡,Status: Awaiting Response â³,Status: Needs Reproduction â™º,Status: Won't Fix ðŸ’€,Status: Work in Progress ðŸ› ,Topic: Accessibility (A11y) â™¿ï¸,Topic: Browser Support  ðŸŒ,Topic: Build and Workflow â†©ï¸,Topic: Color Mode ðŸŒ“,Topic: Component API âš™ï¸,Topic: Design and UX âœï¸,Topic: Development :computer:,Topic: Documentation ðŸ“š,Topic: Feedback ðŸ’¬,Topic: Gatsby Plugin ðŸ”Œ,Topic: Integrations :infinity:,Topic: Next.js â–²,Topic: Performance,Topic: Release Management :package:,Topic: Repo Management :globe_with_meridians:,Topic: Responsive ðŸ“±,Topic: Reviews â­ï¸ðŸ’–,Topic: SSR ðŸ’»,Topic: Storybook Addon,Topic: Storybook ðŸ“–,Topic: Testing ðŸ§ª,Topic: Theming ðŸŽ¨,Topic: Tooling ðŸ› ,Topic: TypeScript ðŸ¤ ,Topic: Website ðŸ–¥,Type: API discussion ðŸ’¡,Type: Announcement ðŸ”Š,Type: Bug ðŸ›,Type: Dependency ðŸ”—,Type: Duplicate ðŸ˜’,Type: Feature ðŸš€,Type: Question â“,Type: Translation ðŸ“,core team ðŸŒ¼,good first issue ðŸ‘,good for beginners ðŸ˜ƒ,hacktoberfest-accepted,help wanted  ðŸ†˜,invalid,needs triage,not stale,review needed ðŸ”¬,security,stale,waiting for upvote ðŸ‘,workaround available âœŒï¸,ðŸ¿ Popper.js"
1567,pmeal/openpnm,False,7837,14,dev,28,25,MIT License,27,205,123,155785,2013-07-25 20:32:47.0,2021-03-14 04:46:47.0,2021-03-13 01:29:00.0,http://openpnm.org,Python,1249,72,613,6,2021-03-13 01:28:57.0,afbd7e6659c70778c8b983760fbc896424fc64af,False,False,"Python,Shell,HTML","api,approved,bug,difficult,discussion,documentation,easy,enhancement,example,feature request,high priority,low priority,maintenance,need brainstorming,performance,pore-scale model,proposal,question,refactor,revisit,telecon agenda,testing,triage,website"
122,aria2/aria2,False,5274,8,master,150,54,Other,712,21872,2617,28271,2010-11-27 09:41:48.0,2020-12-30 04:21:43.0,2021-01-13 01:12:38.0,https://aria2.github.io/,C++,1438,763,278,30,2020-12-28 03:05:07.0,faa6955c8d7bb7b6541e0b7fbb84f7d213f761ab,True,False,,
739,gemini-hlsw/ocs,False,6456,38,develop,20,15,Other,13,13,22,405934,2014-09-12 14:20:23.0,2021-03-22 21:26:31.0,2021-03-22 21:26:34.0,,Java,12,4,1839,2,2021-03-22 21:26:31.0,578b48d5e1af1a7b36aad0533c19924e16329d6f,True,False,"Java,Scala,HTML,Shell,JavaScript,CSS,AMPL,Tcl","boring,bug,duplicate,enhancement,help wanted,invalid,question,wontfix"
471,dimagi/commcare-hq,False,148309,2011,master,13,127,BSD 3-Clause New or Revised License,52,431,189,600358,2009-07-09 17:00:07.0,2021-03-26 18:48:39.0,2021-03-26 18:30:27.0,https://www.dimagi.com/open-source/,Python,81,13,29334,179,2021-03-26 18:30:23.0,c85460c7dc0215d927b83379fd00e58d7690df99,False,False,"Python,JavaScript,HTML,Less,CSS,PLpgSQL,Shell,Dockerfile,PHP,Makefile","CEP,CEP: done,Open for review: do not merge,QA Passed,QA post deploy,Risk: High,Risk: Medium,awaiting QA,dependencies,dependencies/javascript,product/ab-test,product/admin,product/all-users-all-environments,product/custom,product/feature-flag,product/invisible,product/prod-india-all-users,reindex/migration"
1091,liqd/adhocracy3,False,15522,5,master,67,19,Other,14,51,14,26126,2014-08-15 08:07:57.0,2019-02-26 22:52:29.0,2019-07-14 14:12:03.0,https://adhocracy3.readthedocs.io,Python,590,65,2315,1,2019-02-26 22:52:26.0,706cf82529b5e6c198d712c0a57561b7280a9770,False,False,,
2017,tryghost/ghost,False,12660,20,main,407,348,MIT License,1103,36867,8029,53244,2013-05-04 11:09:13.0,2021-03-26 22:24:17.0,2021-03-27 16:42:52.0,https://ghost.org,JavaScript,6058,47,6706,26,2021-03-25 11:05:14.0,4b0a990a759ef7c190945834ccd6e9cdfc4836d2,False,False,"JavaScript,CSS,HTML,Handlebars,XSLT,Shell","adapters,admin client,api,bug,community project,css / design / mobile,customer,dependencies,editor,email,feature,feature-request,good first issue,help wanted,import / upgrade,later,members,members / mega,models / data,needs info,node-10-drop,p0 - critical,p1 - priority,p2 - major,performance,permissions,pinned,portal,publishing,routing,server / core,stale,support-request,tests / tools / standards,themes / frontend"
2032,ultimaker/cura,False,25083,69,master,36,286,GNU Lesser General Public License v3.0,182,2755,1215,305532,2014-06-16 12:55:31.0,2021-03-28 11:41:42.0,2021-03-28 20:29:36.0,,Python,7229,1184,2216,40,2021-03-26 10:26:03.0,729d3afd3255c4c28507619e9aac344df5fdafdd,True,False,"Python,QML,GLSL,CMake,Shell,HTML,Dockerfile","Category: 3rd-Party,Category: Cloud,Category: Connect,Category: Cura,Category: Cura-Build,Category: Engine,Category: Hardware,Category: Settings,Category: Translations,Category: UX,Category: Uranium,Platform: Linux,Platform: MacOS,Platform: Windows,Status: Deferred,Status: Duplicate,Status: Fixed/Solved,Status: In Progress,Status: Needs Info,Status: Won't Fix/Do,Type: Bug,Type: Discussion,Type: Improvement,Type: New Feature,Type: Question,dependencies"
151,augurproject/augur-ui,False,16656,27,master,132,47,MIT License,84,412,107,70570,2015-02-02 20:56:19.0,2020-07-15 20:51:23.0,2021-02-05 08:53:42.0,https://dev.augur.net,JavaScript,778,12,2377,1,2020-02-07 22:19:31.0,73b21d9a6a0d8838e655f80964721469fa7a5506,True,False,"JavaScript,CSS,TypeScript,HTML,Shell,Dockerfile","Bug,Chore,Design,Feature,Priority: High,Priority: Low,Priority: Medium,Priority: Very High,Priority: Very Low,Release 1.9.0,Unreproducible Bug,dependencies,duplicate,enhancement,help wanted,invalid,question,v1,wontfix"
1537,pculture/miro,False,13392,138,master,177,16,,25,207,83,205893,2011-08-31 15:58:26.0,2019-10-03 14:11:23.0,2020-12-20 14:18:13.0,http://www.getmiro.com/,Python,11,9,431,4,2014-05-13 15:35:57.0,d8e4594441939514dd2ac29812bf37087bb3aea5,False,False,,
971,jhipster/generator-jhipster,False,29230,9,main,218,606,Apache License 2.0,809,18027,3551,74538,2013-10-21 20:07:22.0,2021-02-23 22:25:10.0,2021-02-23 21:22:17.0,https://www.jhipster.tech,JavaScript,6328,47,7695,19,2021-02-23 18:49:13.0,e59272f484a84ef0c30fa84ca1c283ec6f3b92b8,False,False,"JavaScript,TypeScript,Java,EJS,Vue,Shell,SCSS,CSS,Mustache,HTML,Dockerfile","$$ bug-bounty $$,$100,$200,$300,$500,area: JHipster Code :computer:,area: bug :bug:,area: cleanup,area: documentation:books:,area: duplicate,area: enhancement :wrench:,area: feature request :bulb:,area: invalid,area: needs-reproduction,area: proxy,area: question :question:,area: rfc,area: stale,area: triage,area: waiting for information,bounty: approved,bounty: request,changes: major :star:,changes: minor,github_actions,hacktoberfest,hacktoberfest-accepted,javascript,pr: bug-fix,pr: needs-change,pr: needs-manual-testing,pr: needs-review,pr: needs-unit-tests,pr: on-hold,pr: ready-to-merge-on-ci-pass,pr: reviewing,pr: skip-ci,pr: to-merge,pr: to-squash,resolution: lack of interest,resolution: should go to module,resolution: will-do-later,resolution: wont-fix,spam,status: good first issue,status: help wanted,status: needs-discussion,status: needs-pr,status: pr done,status: will-be-closed-for-lack-of-info,status: work in progress,theme: CI builds,theme: Continuous Integration,theme: GCP,theme: Heroku,theme: JDL,theme: OIDC/OAuth2,theme: angular,theme: api,theme: aws,theme: blueprint :paw_prints:,theme: caffeine,theme: cassandra,theme: cli,theme: cloud,theme: couchbase,theme: database,theme: dependencies,theme: docker :whale:,theme: elasticsearch,theme: entities,theme: fake-data,theme: front,theme: gae,theme: gateway,theme: gradle,theme: gulp.js,theme: hazelcast,theme: i18n,theme: infinispan,theme: ionic,theme: java,theme: jhipster-internals,theme: jhipster-lib,theme: jhipster-online,theme: kafka,theme: keycloak,theme: kubernetes,theme: language,theme: mapstruct,theme: maven,theme: microservice,theme: module,theme: mongo,theme: neo4j,theme: ng-jhipster,theme: openapi,theme: openshift,theme: prettier,theme: react"
1062,ledgerhq/ledger-live-desktop,False,6801,10,develop,94,37,MIT License,71,660,198,125537,2017-02-21 12:52:13.0,2021-03-26 13:03:40.0,2021-03-25 22:34:56.0,https://www.ledger.com/live,JavaScript,866,144,2787,23,2021-03-25 18:02:48.0,1a50d72634e087a8020b2ef52aa533d245ee5e86,False,False,"JavaScript,Python,Shell,HTML,Dockerfile,CSS,NSIS,Standard ML","API,HODL,Linux,Mac,PR welcomed,QA,Windows,bug,build,dependencies,design,discussion,duplicate,enhancement,feature request,good first issue,important,internal discussion,invalid,needs documentation,needs investigation,outdated,performance,question,regression,token support,wontfix,wording,work in progress"
1250,mozilla/addons-frontend,False,15041,2,master,17,308,Mozilla Public License 2.0,62,479,382,700362,2016-02-19 17:25:57.0,2021-03-26 17:04:06.0,2021-03-26 00:37:17.0,,JavaScript,4665,119,5493,6,2021-03-26 00:37:08.0,9a4c279609c69faba62970bf9c91e55174512b15,False,False,"JavaScript,HTML,SCSS,Shell,Dockerfile,Python","Hacktoberfest,component: FF50+,component: accessibility,component: add-on,component: add-on ratings,component: add-on recommendations,component: add-on versions,component: analytics,component: blocklist/block,component: categories,component: code quality,component: collections,component: cross-browser compatibility,component: documentation,component: experiments,component: guide pages,component: homepage,component: i18n,component: installation,component: landing pages,component: legacy pages,component: metrics,component: ops,component: performance,component: remaining features,component: screenshot viewer,component: search,component: security,component: sentry,component: seo,component: static pages,component: testing,component: themes,component: tracking,component: uitests,component: user profile,component: ux,contrib: assigned,contrib: good first bug,contrib: maybe good first bug,contrib: mentor assigned,contrib: outreachy,contrib: welcome,dependencies,env: dev,env: local dev,env: prod,env: stage,greenkeeper,javascript,needs: AB test,needs: api,needs: automation,needs: cherry-pick,needs: content,needs: discussion,needs: docs,needs: editorial,needs: info,needs: mentor,needs: more triage,needs: ops,needs: product,needs: research,needs: test cases,needs: uitest,needs: ux,neverstale,nom-remove-mvp,platform: android,platform: desktop,platform: docker,platform: linux,platform: osx,platform: server,platform: windows,priority: blocks release,priority: mvp,priority: mvp-polish,priority: p1,priority: p2,priority: p3,priority: p4,priority: p5,priority: post release,project: 2017 Q2,project: 2017 Q3,project: 2017 Q4,project: 2018 Q1,project: 2018 Q2,project: admin tools,project: amo,project: desktop pages,project: disco pane,project: mobile pages v1,project: mobile pages v2,python,qa: extra,qa: not needed,security"
928,intermine/intermine,False,34850,7,dev,63,28,Other,14,196,343,667550,2012-07-02 10:25:18.0,2021-03-23 19:22:06.0,2021-03-23 14:44:22.0,http://intermine.org,Java,1635,248,702,2,2021-03-18 16:17:36.0,499393cf7ac5ae0e4ba2f5d372c1e2f5104a9590,True,False,"Java,JavaScript,HTML,CSS,Groovy,GAP,Perl,Python,Shell,XSLT,Sass,Ruby,PHP,SCSS","Hacktoberfest,JBrowse,SEVERE,URGENT,WIP,bluegenes,bug,data,docs,duplicate,enhancement,fair,good first bug,gradle,help wanted,in-progress,input-needed,internships,invalid,model change,please-test,question,suggestion,tested,wishlist,wontfix"
1793,sefaria/sefaria-project,False,17115,160,master,691,42,,62,440,180,271955,2011-09-20 20:23:41.0,2021-03-29 18:16:16.0,2021-03-29 05:56:04.0,,JavaScript,264,75,368,15,2021-03-29 05:55:56.0,6d34d77aa7964a98832eacbf53ecbf0bad30fddd,True,False,"JavaScript,Python,HTML,CSS,PHP,Shell,Dockerfile,Batchfile","Good First Project,Priority: Critical,Priority: High,Priority: Low,Priority: Medium,Status: Completed,Status: In Progress,Status: On Hold,Status: Pending,Status: Review Needed,Type: Bug,Type: Content,Type: Enhancement,Type: Question,Zone: API,Zone: Apps,Zone: Backend,Zone: Export,Zone: Frontend,Zone: Linker,Zone: Source Sheets,dependencies,javascript"
2199,zenorogue/hyperrogue,False,6817,1,master,22,11,GNU General Public License v2.0,16,279,37,100819,2015-08-08 13:53:43.0,2021-03-29 22:04:32.0,2021-03-29 22:04:35.0,,C++,61,20,80,8,2021-03-29 22:04:20.0,1f939920d2c52644a96977f39cabf967ed5fd0ba,True,False,"C++,Java,C,Makefile,Shell,CMake","bug,duplicate,enhancement,help wanted,invalid,question,wontfix"
1097,livelykernel/livelykernel,False,6325,69,master,6,29,MIT License,38,249,52,63787,2012-02-10 00:31:14.0,2020-07-05 17:03:13.0,2021-01-27 09:36:21.0,http://lively-web.org/,JavaScript,222,70,129,9,2020-07-05 17:02:02.0,b6b06a846ee80e24ec3133117004032749f4fab3,True,False,"JavaScript,HTML,Vim Snippet,CSS,ActionScript,Shell","Github,defect,discussion,feature,in progress,refactoring/reimplementation,tests"
1201,microsoft/azure-pipelines-tasks,False,11747,2653,master,9,292,MIT License,258,2425,1894,434929,2014-12-06 11:11:46.0,2021-03-27 22:46:55.0,2021-03-27 23:47:52.0,https://aka.ms/tfbuild,TypeScript,6097,425,8538,86,2021-03-26 09:47:09.0,2ef1cae4ad991b47ce6b63ddacfacf645da9c575,True,False,"TypeScript,PowerShell,JavaScript,HTML,TSQL,CSS,Shell,Batchfile,Java","Area: ABTT,Area: AppCenter,Area: Artifacts,Area: ArtifactsCore,Area: ArtifactsPackages,Area: AzureAppService,Area: Build,Area: CodeCoverage,Area: Core,Area: CrossPlatform,Area: Documentation,Area: Mobile,Area: PipelineArtifact,Area: PipelineCaching,Area: Release,Area: ServiceFabric,Area: Symbols,Area: Test,Area: TestManagement,DTS,External,Investigate,Need Repro,P1,Task: AndroidSigning,Task: ArchiveFiles,Task: AzureAppService,Task: AzureCloudPowerShellDeployment,Task: AzureFileCopy,Task: AzureFunction,Task: AzureMonitorAlerts,Task: AzureNLBManagement,Task: AzurePowerShell,Task: AzureRmWebAppDeployment,Task: AzureWebApp,Task: Bash,Task: CMake,Task: Cache,Task: Chef,Task: CmdLine,Task: CopyFilesOverSSH,Task: DeleteFiles,Task: DownloadSecureFile,Task: ExtractFiles,Task: FileTransform,Task: Gradle,Task: Grunt,Task: Gulp,Task: IISWeb,Task: IISWebAppDeployment,Task: InstallAppleCertificate,Task: InstallSSHKey,Task: JavaToolInstaller,Task: JenkinsQueueJob,Task: MSBuild,Task: Maven,Task: MysqlDeployment,Task: PowerShell,Task: PowerShellOnTargetMachines,Task: PublishBuildArtifacts,Task: PublishCodeCoverageResults,Task: SqlDacpacDeployment,Task: Ssh,Task: UsePythonVersion,Task: VSBuild,Task: WindowsMachineFileCopy,Task: XamarinAndroid,Task: XamariniOS,Task: Xcode,Task: XcodePackageiOS,Under Consideration,Waiting for author feedback,aa-backlog,aa-triaged,awaiting deployment,backlog,bug,deployment,doc,duplicate,enhancement,environment:bug,environment:documentation,environment:enhancement,environment:external-dependency,environment:need-to-triage,environment:question,environment:under-investigation,help wanted,invalid,q3,question,regression,route,stale,task: CopyFiles,task: DownloadBuildArtifacts,triage"
834,handsontable/handsontable,False,7029,72,master,180,99,Other,480,14932,2581,133508,2011-05-23 22:38:58.0,2021-03-26 13:13:49.0,2021-03-27 16:15:17.0,https://handsontable.com,JavaScript,6452,618,1130,31,2021-03-18 10:02:32.0,fa685dc8c194c0269b893d202580ce7091ed8322,True,False,"JavaScript,TypeScript,CSS,Vue,EJS","ANNOUNCEMENT,Auto column size,Auto fill,Auto row size,BindRowsWithHeaders,Blocked,Bottom rows,Breaking change,CLA signed,Cell type: autocomplete / dropdown / handsontable,Cell type: base / text / password,Cell type: checkbox,Cell type: date,Cell type: numeric,Cell type: select,Cell type: time,Collapsing,Column sorting,Comments,Context menu,Copy-paste,Core: alignment/height/width,Core: callbacks,Core: compatibility,Core: handsontable,Core: performance,Core: selection,Core: spare rows/columns,Core: update settings,Core: validation,Core: walkontable,Custom borders,Dropdown menu,Edge,Editor,Epic,Export,Filtering,Firefox,Fixing,Formulas,Freeze / Resize / Move,Gantt Chart,Guess: 2 hours,Guess: a day or more,Guess: a week or more,Guess: few hours,Header tooltips,Headers,Help needed,Hiding,Merge cells,Mobile,Moving,Multi-column sorting,Nested Headers,Nested rows,Observe changes,Part of scope,Persistent state,Read-only,Regression,Resizing,Safari,Search,Status: Answered,Status: Developed (ready for review),Status: In development,Status: Merged (ready for release),Status: On hold,Status: Released,Status: Reopened,Status: Reviewed (ready for merge),Status: To be discussed,Stretching,Summary calculations,Tests: E2E,Tests: Unit,Translation,Trimming,Type: Assistance needed,Type: Bug,Type: Change,Type: Demo needed,Type: Documentation needed,Type: Duplicate,Type: Feature,Type: Improvement suggestion,Type: Question,TypeScript,Undo-redo,Windows,Wontfix,Zoom/UI Scaling,angular,focus/blur,hyperformula,iOS,react,scroll"
899,imageengine/cortex,False,8680,3,master,214,31,Other,70,428,111,108567,2013-06-12 23:12:28.0,2021-03-29 17:03:25.0,2021-03-29 19:49:28.0,,C++,83,37,1052,5,2021-03-29 17:03:24.0,b99beabba23e98e10f107042a9f4043d8ee6740f,True,False,"C++,Python,Mathematica,CMake,C,GLSL,Shell,Objective-C,Tcl,Batchfile","3delight,alembic,arnold,bug,core,docs,gl,houdini,image,maya,nuke,pr-blocked,pr-docs,pr-hold,pr-revision,renderman,scene,usd,vdb"
1193,micro-ros/nuttx,False,34464,10,master,3,151,Other,16,50,24,96064,2018-01-15 14:29:34.0,2021-02-15 10:56:32.0,2021-02-16 12:44:39.0,http://micro-ros.github.io/,C,38,4,15,1,2020-09-08 09:37:18.0,cbfc73f0fff6bc9d4d08ea002a5155181f39043c,True,False,"C,C++,Assembly,Makefile,Shell,Objective-C,Python,Batchfile,Perl,Pascal","bug,duplicate,enhancement,good first issue,help wanted,invalid,question,wontfix"
2041,unidata/netcdf-c,False,7732,166,master,43,63,BSD 3-Clause New or Revised License,44,336,181,54454,2013-08-06 20:48:09.0,2021-03-18 20:52:41.0,2021-03-17 22:14:29.0,,C,1019,158,943,15,2021-03-17 22:14:26.0,a9ba3c53b156e1b32f76f43b67ef430b4013af0a,True,False,"C,M4,Shell,CMake,C++,Roff,HTML,Yacc,Makefile,Lex,Batchfile,Awk","arch/32-bit,arch/64-bit,arch/any,area/DAP2,area/DAP4,area/build/all,area/build/autoconf,area/build/cmake,area/compression_plugins,area/documentation,area/general,area/netcdf3,area/netcdf4,area/parallel,area/static analysis,area/tests,area/utils,platform/any,platform/linux,platform/osx,platform/other,platform/windows,priority/high,priority/low,priority/medium,reason/build failure,reason/configure failure,reason/duplicate,reason/expected behavior,reason/false positive,reason/not a bug,reason/resource contstrained,reason/test failure,resolution/can't fix,resolution/ignore,resolution/patch welcome,resolution/rejected,resolution/stale,resolution/won't fix,status/already fixed,status/can't duplicate,status/confirmed,status/fix required,status/more information needed,status/rejected,status/revisit,status/under consideration,status/under review,type/bug,type/clarification,type/enhancement,type/feature request,type/information,type/performance,type/question,type/refactor"
618,euroelessar/qutim,False,6598,15,master,5,26,Other,26,143,33,25002,2011-05-18 14:56:53.0,2017-07-10 14:07:17.0,2020-04-23 22:07:19.0,http://qutim.org/,C++,62,38,345,3,2017-01-07 14:53:11.0,f3c9d1536344c1fd82eaaf4e7a1bf92e4ba2e304,True,False,,
82,antennapod/antennapod,False,7371,6,develop,34,175,GNU General Public License v3.0,165,3447,941,105353,2012-07-31 10:25:08.0,2021-03-28 20:59:07.0,2021-03-28 20:59:45.0,https://antennapod.org/,Java,2878,235,2161,15,2021-03-28 20:57:48.0,ea4488c18112de4ee8a328ca14fadf79b171004c,True,False,"Java,HTML,Python,Shell,CSS","(Chrome)Cast,Accessibility,Android Auto,Podcast Index / Podcasting 2.0,confirmed bug,do not merge,duplicate,enhancement,feature request,good first issue,hacktoberfest,help wanted,invalid,needs info,needs mock-up,possible bug,project issue,question / support,usability,wontfix"
